Processed,Method,URI,Flags
true,GET,http://localhost:3000,Seed
true,GET,http://localhost:3000/robots.txt,Seed
true,GET,http://localhost:3000/sitemap.xml,Seed
true,GET,http://localhost:3000/OTHER/network/other/proxy.pac/?apinonce=69fc58f6263db3c0,
true,GET,http://localhost:3000/OTHER/network/other/rootCaCert/?apinonce=311b9b7e8ef6d2ad,
false,GET,https://www.zaproxy.org/docs/desktop/addons/network/options/servercertificates/,Out of Scope
true,GET,http://localhost:3000/UI,
false,GET,https://www.zaproxy.org/,Out of Scope
false,GET,https://groups.google.com/group/zaproxy-users,Out of Scope
false,GET,https://groups.google.com/group/zaproxy-develop,Out of Scope
false,GET,https://github.com/zaproxy/zaproxy/issues,Out of Scope
true,GET,http://localhost:3000/UI/,
true,GET,http://localhost:3000/UI/acsrf/,
true,GET,http://localhost:3000/UI/ajaxSpider/,
true,GET,http://localhost:3000/UI/alert/,
true,GET,http://localhost:3000/UI/alertFilter/,
true,GET,http://localhost:3000/UI/acsrf/view/optionPartialMatchingEnabled/,
true,GET,http://localhost:3000/UI/ascan/,
true,GET,http://localhost:3000/UI/acsrf/view/optionTokensNames/,
true,GET,http://localhost:3000/UI/authentication/,
true,GET,http://localhost:3000/UI/acsrf/action/addOptionToken/,
true,GET,http://localhost:3000/UI/alertFilter/view/alertFilterList/,
true,GET,http://localhost:3000/UI/acsrf/action/removeOptionToken/,
true,GET,http://localhost:3000/UI/alert/view/alert/,
true,GET,http://localhost:3000/UI/ajaxSpider/view/allowedResources/,
true,GET,http://localhost:3000/UI/automation/,
true,GET,http://localhost:3000/UI/acsrf/action/setOptionPartialMatchingEnabled/,
true,GET,http://localhost:3000/UI/acsrf/other/genForm/,
true,GET,http://localhost:3000/UI/alertFilter/view/globalAlertFilterList/,
true,GET,http://localhost:3000/UI/authorization/,
true,GET,http://localhost:3000/UI/alert/view/alertCountsByRisk/,
true,GET,http://localhost:3000/UI/autoupdate/,
true,GET,http://localhost:3000/UI/ajaxSpider/view/excludedElements/,
true,GET,http://localhost:3000/UI/alert/view/alerts/,
true,GET,http://localhost:3000/script.js/?apinonce=f79097ada333bc31&v=2,
true,GET,http://localhost:3000/UI/alertFilter/action/addAlertFilter/,
true,GET,http://localhost:3000/UI/ascan/view/alertsIds/,
true,GET,http://localhost:3000/script.js/?apinonce=30a0ae573dafef5b&v=2,
true,GET,http://localhost:3000/UI/alert/view/alertsByRisk/,
true,GET,http://localhost:3000/script.js/?apinonce=a6f3d8fb390ed946&v=2,
true,GET,http://localhost:3000/UI/authentication/view/getAuthenticationMethod/,
true,GET,http://localhost:3000/UI/ascan/view/attackModeQueue/,
true,GET,http://localhost:3000/UI/ajaxSpider/view/fullResults/,
true,GET,http://localhost:3000/script.js/?apinonce=32ea6b1ef860af8f&v=2,
true,GET,http://localhost:3000/script.js/?apinonce=c4e41414b0e98cf9&v=2,
true,GET,http://localhost:3000/UI/authentication/view/getAuthenticationMethodConfigParams/,
true,GET,http://localhost:3000/UI/client/,
true,GET,http://localhost:3000/script.js/?apinonce=b2197225f9814123&v=2,
true,GET,http://localhost:3000/UI/break/,
true,GET,http://localhost:3000/UI/alert/view/alertsSummary/,
true,GET,http://localhost:3000/script.js/?apinonce=69aa00e9667065e5&v=2,
true,GET,http://localhost:3000/UI/alert/view/numberOfAlerts/,
true,GET,http://localhost:3000/UI/clientSpider/,
true,GET,http://localhost:3000/UI/authentication/view/getLoggedInIndicator/,
true,GET,http://localhost:3000/script.js/?apinonce=4dc363937aab78f6&v=2,
true,GET,http://localhost:3000/UI/context/,
true,GET,http://localhost:3000/UI/alert/action/addAlert/,
true,GET,http://localhost:3000/UI/alert/action/deleteAlert/,
true,GET,http://localhost:3000/UI/core/,
true,GET,http://localhost:3000/UI/alert/action/deleteAlerts/,
true,GET,http://localhost:3000/UI/ascan/view/excludedFromScan/,
true,GET,http://localhost:3000/UI/ajaxSpider/view/numberOfResults/,
true,GET,http://localhost:3000/UI/alertFilter/action/addGlobalAlertFilter/,
true,GET,http://localhost:3000/UI/ajaxSpider/view/optionBrowserId/,
true,GET,http://localhost:3000/UI/ajaxSpider/view/optionClickDefaultElems/,
true,GET,http://localhost:3000/UI/ascan/view/excludedParamTypes/,
true,GET,http://localhost:3000/UI/alert/action/deleteAllAlerts/,
true,GET,http://localhost:3000/UI/alert/action/updateAlert/,
true,GET,http://localhost:3000/UI/authentication/view/getLoggedOutIndicator/,
true,GET,http://localhost:3000/UI/ascan/view/excludedParams/,
true,GET,http://localhost:3000/script.js/?apinonce=efdf65ca9a84420e&v=2,
true,GET,http://localhost:3000/UI/alert/action/updateAlertsConfidence/,
true,GET,http://localhost:3000/UI/exim/,
true,GET,http://localhost:3000/UI/ajaxSpider/view/optionClickElemsOnce/,
true,GET,http://localhost:3000/UI/forcedUser/,
true,GET,http://localhost:3000/UI/ascan/view/messagesIds/,
true,GET,http://localhost:3000/UI/ajaxSpider/view/optionEnableExtensions/,
true,GET,http://localhost:3000/UI/alertFilter/action/applyAll/,
true,GET,http://localhost:3000/UI/acsrf/action/removeOptionToken/override?String=ZAP&apikey=ZAP,
true,GET,http://localhost:3000/UI/alertFilter/view/alertFilterList/override?apikey=ZAP&contextId=ZAP,
true,GET,http://localhost:3000/UI/acsrf/other/genForm/override?actionUrl=ZAP&apikey=ZAP&hrefId=ZAP,
true,GET,http://localhost:3000/UI/acsrf/view/optionTokensNames/override?apikey=ZAP,
true,GET,http://localhost:3000/UI/acsrf/action/addOptionToken/override?String=ZAP&apikey=ZAP,
true,GET,http://localhost:3000/UI/acsrf/view/optionPartialMatchingEnabled/override?apikey=ZAP,
true,GET,http://localhost:3000/UI/acsrf/action/setOptionPartialMatchingEnabled/override?Boolean=ZAP&apikey=ZAP,
true,GET,http://localhost:3000/UI/alertFilter/action/applyContext/,
true,GET,http://localhost:3000/UI/ajaxSpider/view/optionEventWait/,
true,GET,http://localhost:3000/UI/ascan/view/optionAddQueryParam/,
true,GET,http://localhost:3000/UI/graphql/,
true,GET,http://localhost:3000/UI/httpSessions/,
true,GET,http://localhost:3000/UI/alert/action/updateAlertsRisk/,
true,GET,http://localhost:3000/UI/authentication/view/getSupportedAuthenticationMethods/,
true,GET,http://localhost:3000/UI/authentication/action/setAuthenticationMethod/,
true,GET,http://localhost:3000/UI/hud/,
true,GET,http://localhost:3000/UI/alert/view/alert/override?apikey=ZAP&id=ZAP,
true,GET,http://localhost:3000/script.js/?apinonce=e94b3f51cd794d9c&v=2,
true,GET,http://localhost:3000/UI/hudfiles/,
true,GET,http://localhost:3000/UI/ascan/view/optionAllowAttackOnStart/,
true,GET,http://localhost:3000/UI/ajaxSpider/view/optionLogoutAvoidance/,
true,GET,http://localhost:3000/UI/alertFilter/action/applyGlobal/,
true,GET,http://localhost:3000/script.js/?apinonce=e40a032b3d95a622&v=2,
true,GET,http://localhost:3000/UI/automation/view/planProgress/,
true,GET,http://localhost:3000/script.js/?apinonce=9daa47c88722fcc9&v=2,
true,GET,http://localhost:3000/UI/automation/action/endDelayJob/,
true,GET,http://localhost:3000/UI/localProxies/,
true,GET,http://localhost:3000/UI/ascan/view/optionAttackPolicy/,
true,GET,http://localhost:3000/UI/alertFilter/action/removeAlertFilter/,
true,GET,http://localhost:3000/script.js/?apinonce=7cc3e2f6a4e98283&v=2,
true,GET,http://localhost:3000/UI/ascan/view/optionDefaultPolicy/,
true,GET,http://localhost:3000/UI/ajaxSpider/view/allowedResources/override?apikey=ZAP,
true,GET,http://localhost:3000/UI/ajaxSpider/view/optionMaxCrawlDepth/,
true,GET,http://localhost:3000/script.js/?apinonce=31c3485dcdf6df71&v=2,
true,GET,http://localhost:3000/UI/authentication/action/setLoggedInIndicator/,
true,GET,http://localhost:3000/UI/keyboard/,
true,GET,http://localhost:3000/UI/ajaxSpider/view/optionMaxCrawlStates/,
true,GET,http://localhost:3000/UI/network/,
true,GET,http://localhost:3000/UI/alert/view/alertCountsByRisk/override?apikey=ZAP&recurse=ZAP&url=https%3A%2F%2Fzap.example.com,
true,GET,http://localhost:3000/UI/oast/,
true,GET,http://localhost:3000/UI/ajaxSpider/view/optionMaxDuration/,
true,GET,http://localhost:3000/UI/authentication/action/setLoggedOutIndicator/,
true,GET,http://localhost:3000/UI/ascan/view/optionDelayInMs/,
true,GET,http://localhost:3000/UI/authorization/view/getAuthorizationDetectionMethod/,
true,GET,http://localhost:3000/UI/alertFilter/action/removeGlobalAlertFilter/,
true,GET,http://localhost:3000/script.js/?apinonce=a418b697b4972c52&v=2,
true,GET,http://localhost:3000/UI/alertFilter/action/testAll/,
true,GET,http://localhost:3000/UI/alertFilter/action/testContext/,
true,GET,http://localhost:3000/UI/openapi/,
true,GET,http://localhost:3000/UI/automation/action/runPlan/,
true,GET,http://localhost:3000/UI/ajaxSpider/view/excludedElements/override?apikey=ZAP&contextName=ZAP,
true,GET,http://localhost:3000/UI/alertFilter/action/testGlobal/,
true,GET,http://localhost:3000/UI/authorization/action/setBasicAuthorizationDetectionMethod/,
true,GET,http://localhost:3000/UI/ascan/view/optionEncodeCookieValues/,
true,GET,http://localhost:3000/script.js/?apinonce=53f7b46051dd54c4&v=2,
true,GET,http://localhost:3000/UI/ajaxSpider/view/optionNumberOfBrowsers/,
true,GET,http://localhost:3000/UI/ajaxSpider/view/optionRandomInputs/,
true,GET,http://localhost:3000/UI/ajaxSpider/view/optionReloadWait/,
true,GET,http://localhost:3000/UI/ajaxSpider/view/optionScopeCheck/,
true,GET,http://localhost:3000/UI/alertFilter/view/globalAlertFilterList/override?apikey=ZAP,
true,GET,http://localhost:3000/UI/ascan/view/alertsIds/override?apikey=ZAP&scanId=ZAP,
true,GET,http://localhost:3000/UI/ascan/view/optionExcludedParamList/,
true,GET,http://localhost:3000/UI/ascan/view/optionHandleAntiCSRFTokens/,
true,GET,http://localhost:3000/UI/ascan/view/optionHostPerScan/,
true,GET,http://localhost:3000/UI/ascan/view/optionInjectPluginIdInHeader/,
true,GET,http://localhost:3000/UI/ascan/view/optionMaxAlertsPerRule/,
true,GET,http://localhost:3000/script.js/?apinonce=c2d032d0e0fa6241&v=2,
true,GET,http://localhost:3000/script.js/?apinonce=dbcedda2f5a52d67&v=2,
true,GET,http://localhost:3000/UI/params/,
true,GET,http://localhost:3000/UI/ajaxSpider/view/results/,
true,GET,http://localhost:3000/script.js/?apinonce=ee49737f1001d3af&v=2,
true,GET,http://localhost:3000/script.js/?apinonce=8251f32ff2cfb804&v=2,
true,GET,http://localhost:3000/UI/autoupdate/view/installedAddons/,
true,GET,http://localhost:3000/UI/postman/,
true,GET,http://localhost:3000/UI/automation/action/stopPlan/,
true,GET,http://localhost:3000/UI/pscan/,
true,GET,http://localhost:3000/script.js/?apinonce=8df7344727932d59&v=2,
true,GET,http://localhost:3000/UI/quickstartlaunch/,
true,GET,http://localhost:3000/UI/ajaxSpider/view/status/,
true,GET,http://localhost:3000/UI/ajaxSpider/action/addAllowedResource/,
true,GET,http://localhost:3000/script.js/?apinonce=824257a7d405967e&v=2,
true,GET,http://localhost:3000/UI/ascan/view/optionMaxChartTimeInMins/,
true,GET,http://localhost:3000/UI/ajaxSpider/action/addExcludedElement/,
true,GET,http://localhost:3000/UI/ascan/view/optionMaxResultsToList/,
true,GET,http://localhost:3000/UI/ajaxSpider/action/modifyExcludedElement/,
true,GET,http://localhost:3000/UI/ascan/view/optionMaxRuleDurationInMins/,
true,GET,http://localhost:3000/UI/replacer/,
true,GET,http://localhost:3000/script.js/?apinonce=6e90537d65ceb2f8&v=2,
true,GET,http://localhost:3000/UI/clientSpider/view/status/,
true,GET,http://localhost:3000/UI/clientSpider/action/scan/,
true,GET,http://localhost:3000/UI/clientSpider/action/stop/,
true,GET,http://localhost:3000/UI/retest/,
true,GET,http://localhost:3000/UI/reveal/,
true,GET,http://localhost:3000/UI/ruleConfig/,
true,GET,http://localhost:3000/UI/script/,
true,GET,http://localhost:3000/UI/search/,
true,GET,http://localhost:3000/UI/selenium/,
true,GET,http://localhost:3000/script.js/?apinonce=90014f18f8614769&v=2,
true,GET,http://localhost:3000/UI/sessionManagement/,
true,GET,http://localhost:3000/script.js/?apinonce=ba29d5f4edfae0e2&v=2,
true,GET,http://localhost:3000/UI/ajaxSpider/action/removeAllowedResource/,
true,GET,http://localhost:3000/UI/reports/,
true,GET,http://localhost:3000/UI/alert/view/alertsSummary/override?apikey=ZAP&baseurl=ZAP,
true,GET,http://localhost:3000/UI/alert/view/alertsByRisk/override?apikey=ZAP&recurse=ZAP&url=https%3A%2F%2Fzap.example.com,
true,GET,http://localhost:3000/UI/autoupdate/view/isLatestVersion/,
true,GET,http://localhost:3000/UI/alert/view/alerts/override?apikey=ZAP&baseurl=ZAP&contextName=ZAP&count=3&riskId=ZAP&start=ZAP,
true,GET,http://localhost:3000/script.js/?apinonce=273e53aa84b6b079&v=2,
true,GET,http://localhost:3000/UI/authentication/view/getAuthenticationMethod/override?apikey=ZAP&contextId=ZAP,
true,GET,http://localhost:3000/UI/break/view/httpMessage/,
true,GET,http://localhost:3000/UI/ascan/view/optionMaxScanDurationInMins/,
true,GET,http://localhost:3000/UI/break/view/isBreakAll/,
true,GET,http://localhost:3000/script.js/?apinonce=efaef248bca25e17&v=2,
true,GET,http://localhost:3000/UI/autoupdate/view/latestVersionNumber/,
true,GET,http://localhost:3000/UI/ajaxSpider/action/removeExcludedElement/,
true,GET,http://localhost:3000/UI/client/action/exportClientMap/,
true,GET,http://localhost:3000/UI/soap/,
true,GET,http://localhost:3000/UI/ascan/view/optionMaxScansInUI/,
true,GET,http://localhost:3000/UI/spider/,
true,GET,http://localhost:3000/UI/ajaxSpider/action/scan/,
true,GET,http://localhost:3000/UI/ajaxSpider/action/scanAsUser/,
true,GET,http://localhost:3000/UI/stats/,
true,GET,http://localhost:3000/UI/alert/view/numberOfAlerts/override?apikey=ZAP&baseurl=ZAP&riskId=ZAP,
true,GET,http://localhost:3000/UI/break/view/isBreakRequest/,
true,GET,http://localhost:3000/UI/autoupdate/view/localAddons/,
true,GET,http://localhost:3000/UI/users/,
true,GET,http://localhost:3000/UI/client/action/reportEvent/,
true,GET,http://localhost:3000/UI/alertFilter/action/addAlertFilter/override?apikey=ZAP&attack=ZAP&attackIsRegex=ZAP&contextId=ZAP&enabled=ZAP&evidence=ZAP&evidenceIsRegex=ZAP&methods=ZAP&newLevel=ZAP&parameter=ZAP&parameterIsRegex=ZAP&ruleId=ZAP&url=https%3A%2F%2Fzap.example.com&urlIsRegex=ZAP,
true,GET,http://localhost:3000/script.js/?apinonce=90b28f4c971a8049&v=2,
true,GET,http://localhost:3000/UI/ascan/view/optionPromptInAttackMode/,
true,GET,http://localhost:3000/script.js/?apinonce=4135b184303f6f06&v=2,
true,GET,http://localhost:3000/script.js/?apinonce=e98e50cd86066b41&v=2,
true,GET,http://localhost:3000/UI/autoupdate/view/marketplaceAddons/,
true,GET,http://localhost:3000/UI/client/action/reportObject/,
true,GET,http://localhost:3000/UI/authentication/view/getAuthenticationMethodConfigParams/override?apikey=ZAP&authMethodName=ZAP,
true,GET,http://localhost:3000/UI/autoupdate/view/newAddons/,
true,GET,http://localhost:3000/UI/break/view/isBreakResponse/,
true,GET,http://localhost:3000/UI/autoupdate/view/optionAddonDirectories/,
true,GET,http://localhost:3000/UI/ajaxSpider/action/setEnabledAllowedResource/,
true,GET,http://localhost:3000/UI/websocket/,
true,GET,http://localhost:3000/script.js/?apinonce=3ce1e877ea9cc8f9&v=2,
true,GET,http://localhost:3000/UI/ascan/view/optionPromptToClearFinishedScans/,
true,GET,http://localhost:3000/UI/break/action/addHttpBreakpoint/,
true,GET,http://localhost:3000/script.js/?apinonce=52df463d88be9c6d&v=2,
true,GET,http://localhost:3000/UI/break/action/break/,
true,GET,http://localhost:3000/UI/break/action/continue/,
true,GET,http://localhost:3000/UI/ascan/view/attackModeQueue/override?apikey=ZAP,
true,GET,http://localhost:3000/script.js/?apinonce=2e9f534093faee98&v=2,
true,GET,http://localhost:3000/UI/ascan/view/optionRescanInAttackMode/,
true,GET,http://localhost:3000/script.js/?apinonce=cf1015f8747ff52&v=2,
true,GET,http://localhost:3000/UI/ascan/view/optionScanHeadersAllRequests/,
true,GET,http://localhost:3000/UI/client/action/reportZestScript/,
true,GET,http://localhost:3000/UI/ajaxSpider/view/fullResults/override?apikey=ZAP,
true,GET,http://localhost:3000/UI/alert/action/deleteAlert/override?apikey=ZAP&id=ZAP,
true,GET,http://localhost:3000/script.js/?apinonce=a8c2658b6b4aaab3&v=2,
true,GET,http://localhost:3000/UI/ajaxSpider/action/setOptionBrowserId/,
true,GET,http://localhost:3000/UI/ajaxSpider/view/numberOfResults/override?apikey=ZAP,
true,GET,http://localhost:3000/script.js/?apinonce=64dd462caf5fc6dc&v=2,
true,GET,http://localhost:3000/UI/ajaxSpider/action/setOptionClickDefaultElems/,
true,GET,http://localhost:3000/UI/break/action/drop/,
true,GET,http://localhost:3000/UI/autoupdate/view/optionCheckAddonUpdates/,
true,GET,http://localhost:3000/script.js/?apinonce=4cbeb84d26bbf47f&v=2,
true,GET,http://localhost:3000/UI/client/action/reportZestStatement/,
true,GET,http://localhost:3000/UI/alert/action/addAlert/override?apikey=ZAP&attack=ZAP&confidenceId=ZAP&cweId=ZAP&description=Zaproxy+alias+impedit+expedita+quisquam+pariatur+exercitationem.+Nemo+rerum+eveniet+dolores+rem+quia+dignissimos.&evidence=ZAP&messageId=ZAP&name=ZAP&otherInfo=ZAP&param=ZAP&references=ZAP&riskId=ZAP&solution=ZAP&wascId=ZAP,
true,GET,http://localhost:3000/UI/ajaxSpider/view/optionBrowserId/override?apikey=ZAP,
true,GET,http://localhost:3000/UI/ascan/view/optionScanNullJsonValues/,
true,GET,http://localhost:3000/script.js/?apinonce=858f3efda0e9971b&v=2,
true,GET,http://localhost:3000/UI/break/action/removeHttpBreakpoint/,
true,GET,http://localhost:3000/script.js/?apinonce=2c4116678131fc5f&v=2,
true,GET,http://localhost:3000/UI/alert/action/deleteAlerts/override?apikey=ZAP&baseurl=ZAP&contextName=ZAP&riskId=ZAP,
true,GET,http://localhost:3000/UI/autoupdate/view/optionCheckOnStart/,
true,GET,http://localhost:3000/UI/ajaxSpider/action/setOptionClickElemsOnce/,
true,GET,http://localhost:3000/UI/ascan/view/excludedFromScan/override?apikey=ZAP,
true,GET,http://localhost:3000/UI/ascan/view/optionShowAdvancedDialog/,
true,GET,http://localhost:3000/script.js/?apinonce=7d61df67f70021f&v=2,
true,GET,http://localhost:3000/UI/break/action/setHttpMessage/,
true,GET,http://localhost:3000/UI/authentication/view/getLoggedInIndicator/override?apikey=ZAP&contextId=ZAP,
true,GET,http://localhost:3000/UI/ascan/view/optionTargetParamsEnabledRPC/,
true,GET,http://localhost:3000/script.js/?apinonce=2a93099a8f42992b&v=2,
true,GET,http://localhost:3000/UI/ajaxSpider/action/setOptionEnableExtensions/,
true,GET,http://localhost:3000/UI/autoupdate/view/optionDayLastChecked/,
true,GET,http://localhost:3000/UI/alert/action/deleteAllAlerts/override?apikey=ZAP,
true,GET,http://localhost:3000/UI/autoupdate/view/optionDayLastInstallWarned/,
true,GET,http://localhost:3000/UI/ajaxSpider/action/setOptionEventWait/,
true,GET,http://localhost:3000/script.js/?apinonce=6cfb154d12487402&v=2,
true,GET,http://localhost:3000/UI/ascan/view/excludedParamTypes/override?apikey=ZAP,
true,GET,http://localhost:3000/UI/break/action/step/,
true,GET,http://localhost:3000/UI/ascan/view/optionTargetParamsInjectable/,
true,GET,http://localhost:3000/UI/break/pconn/waitForHttpBreak/,
true,GET,http://localhost:3000/UI/core/view/alert/,
true,GET,http://localhost:3000/script.js/?apinonce=cefb55efbc12766b&v=2,
true,GET,http://localhost:3000/script.js/?apinonce=8839dda7ed0a212a&v=2,
true,GET,http://localhost:3000/UI/ajaxSpider/view/optionClickDefaultElems/override?apikey=ZAP,
true,GET,http://localhost:3000/UI/core/view/alerts/,
true,GET,http://localhost:3000/UI/core/view/alertsSummary/,
true,GET,http://localhost:3000/UI/core/view/childNodes/,
true,GET,http://localhost:3000/UI/ajaxSpider/action/setOptionLogoutAvoidance/,
true,GET,http://localhost:3000/script.js/?apinonce=daa7c0d83361c33f&v=2,
true,GET,http://localhost:3000/UI/autoupdate/view/optionDayLastUpdateWarned/,
true,GET,http://localhost:3000/UI/autoupdate/view/optionDownloadDirectory/,
true,GET,http://localhost:3000/script.js/?apinonce=cf3e9c5ec363f9a3&v=2,
true,GET,http://localhost:3000/script.js/?apinonce=18169a7809a9ccc8&v=2,
true,GET,http://localhost:3000/script.js/?apinonce=385d54c64a8b30a7&v=2,
true,GET,http://localhost:3000/script.js/?apinonce=313abdc8fb4b65b4&v=2,
true,GET,http://localhost:3000/UI/ascan/view/optionThreadPerHost/,
true,GET,http://localhost:3000/script.js/?apinonce=647555ad9408d4af&v=2,
true,GET,http://localhost:3000/UI/autoupdate/view/optionDownloadNewRelease/,
true,GET,http://localhost:3000/UI/ascan/view/policies/,
true,GET,http://localhost:3000/UI/ascan/view/excludedParams/override?apikey=ZAP,
true,GET,http://localhost:3000/UI/context/view/context/,
true,GET,http://localhost:3000/UI/autoupdate/view/optionInstallAddonUpdates/,
true,GET,http://localhost:3000/UI/core/view/excludedFromProxy/,
true,GET,http://localhost:3000/script.js/?apinonce=2cfc51aeb12651b6&v=2,
true,GET,http://localhost:3000/UI/ajaxSpider/action/setOptionMaxCrawlDepth/,
true,GET,http://localhost:3000/UI/ajaxSpider/action/setOptionMaxCrawlStates/,
true,GET,http://localhost:3000/UI/ajaxSpider/action/setOptionMaxDuration/,
true,GET,http://localhost:3000/UI/ajaxSpider/action/setOptionNumberOfBrowsers/,
true,GET,http://localhost:3000/UI/ajaxSpider/action/setOptionRandomInputs/,
true,GET,http://localhost:3000/UI/ajaxSpider/view/optionClickElemsOnce/override?apikey=ZAP,
true,GET,http://localhost:3000/script.js/?apinonce=1a70e1ceea76cd9e&v=2,
true,GET,http://localhost:3000/script.js/?apinonce=b683ad06ec39144c&v=2,
true,GET,http://localhost:3000/UI/ajaxSpider/action/setOptionReloadWait/,
true,GET,http://localhost:3000/UI/core/view/getLogLevel/,
true,GET,http://localhost:3000/UI/alertFilter/action/applyAll/override?apikey=ZAP,
true,GET,http://localhost:3000/UI/autoupdate/view/optionInstallScannerRules/,
true,GET,http://localhost:3000/UI/context/view/contextList/,
true,GET,http://localhost:3000/UI/ascan/view/scanPolicyNames/,
true,GET,http://localhost:3000/UI/ascan/view/scanProgress/,
true,GET,http://localhost:3000/UI/context/view/excludeRegexs/,
true,GET,http://localhost:3000/UI/core/view/homeDirectory/,
true,GET,http://localhost:3000/UI/ajaxSpider/action/setOptionScopeCheck/,
true,GET,http://localhost:3000/UI/ajaxSpider/action/stop/,
true,GET,http://localhost:3000/UI/autoupdate/view/optionReportAlphaAddons/,
true,GET,http://localhost:3000/UI/ascan/view/messagesIds/override?apikey=ZAP&scanId=ZAP,
true,GET,http://localhost:3000/UI/autoupdate/view/optionReportBetaAddons/,
true,GET,http://localhost:3000/UI/exim/action/exportSitesTree/,
true,GET,http://localhost:3000/UI/exim/action/importHar/,
true,GET,http://localhost:3000/UI/ajaxSpider/view/optionEnableExtensions/override?apikey=ZAP,
true,GET,http://localhost:3000/script.js/?apinonce=bae36a638af6c7e9&v=2,
true,GET,http://localhost:3000/UI/forcedUser/view/getForcedUser/,
true,GET,http://localhost:3000/UI/alert/action/updateAlert/override?apikey=ZAP&attack=ZAP&confidenceId=ZAP&cweId=ZAP&description=Zaproxy+alias+impedit+expedita+quisquam+pariatur+exercitationem.+Nemo+rerum+eveniet+dolores+rem+quia+dignissimos.&evidence=ZAP&id=ZAP&name=ZAP&otherInfo=ZAP&param=ZAP&references=ZAP&riskId=ZAP&solution=ZAP&wascId=ZAP,
true,GET,http://localhost:3000/UI/ascan/view/scanners/,
true,GET,http://localhost:3000/UI/forcedUser/view/isForcedUserModeEnabled/,
true,GET,http://localhost:3000/UI/context/view/excludedTechnologyList/,
true,GET,http://localhost:3000/UI/autoupdate/view/optionReportReleaseAddons/,
true,GET,http://localhost:3000/UI/core/view/hosts/,
true,GET,http://localhost:3000/script.js/?apinonce=f2b13deba7378f73&v=2,
true,GET,http://localhost:3000/UI/alertFilter/action/addGlobalAlertFilter/override?apikey=ZAP&attack=ZAP&attackIsRegex=ZAP&enabled=ZAP&evidence=ZAP&evidenceIsRegex=ZAP&methods=ZAP&newLevel=ZAP&parameter=ZAP&parameterIsRegex=ZAP&ruleId=ZAP&url=https%3A%2F%2Fzap.example.com&urlIsRegex=ZAP,
true,GET,http://localhost:3000/UI/exim/action/importModsec2Logs/,
true,GET,http://localhost:3000/UI/httpSessions/view/activeSession/,
true,GET,http://localhost:3000/UI/exim/action/importUrls/,
true,GET,http://localhost:3000/UI/httpSessions/view/defaultSessionTokens/,
true,GET,http://localhost:3000/UI/httpSessions/view/sessionTokens/,
true,GET,http://localhost:3000/UI/autoupdate/view/updatedAddons/,
true,GET,http://localhost:3000/script.js/?apinonce=e44a11b0510693d8&v=2,
true,GET,http://localhost:3000/script.js/?apinonce=c0d1b924bdec0c1e&v=2,
true,GET,http://localhost:3000/UI/autoupdate/action/downloadLatestRelease/,
true,GET,http://localhost:3000/script.js/?apinonce=55460f1e334586a2&v=2,
true,GET,http://localhost:3000/UI/ascan/view/scans/,
true,GET,http://localhost:3000/UI/context/view/includeRegexs/,
true,GET,http://localhost:3000/UI/core/view/message/,
true,GET,http://localhost:3000/UI/forcedUser/action/setForcedUser/,
true,GET,http://localhost:3000/UI/forcedUser/action/setForcedUserModeEnabled/,
true,GET,http://localhost:3000/UI/exim/action/importZapLogs/,
true,GET,http://localhost:3000/UI/exim/action/pruneSitesTree/,
true,GET,http://localhost:3000/UI/alert/action/updateAlertsRisk/override?apikey=ZAP&ids=ZAP&riskId=ZAP,
true,GET,http://localhost:3000/UI/core/view/messages/,
true,GET,http://localhost:3000/UI/context/view/includedTechnologyList/,
true,GET,http://localhost:3000/UI/ascan/view/status/,
true,GET,http://localhost:3000/UI/ascan/action/addExcludedParam/,
true,GET,http://localhost:3000/UI/authentication/view/getLoggedOutIndicator/override?apikey=ZAP&contextId=ZAP,
true,GET,http://localhost:3000/UI/autoupdate/action/installAddon/,
true,GET,http://localhost:3000/UI/authentication/view/getSupportedAuthenticationMethods/override?apikey=ZAP,
true,GET,http://localhost:3000/UI/httpSessions/view/sessions/,
true,GET,http://localhost:3000/UI/alert/action/updateAlertsConfidence/override?apikey=ZAP&confidenceId=ZAP&ids=ZAP,
true,GET,http://localhost:3000/UI/autoupdate/action/setOptionCheckAddonUpdates/,
true,GET,http://localhost:3000/UI/ascan/action/addScanPolicy/,
true,GET,http://localhost:3000/UI/context/view/technologyList/,
true,GET,http://localhost:3000/UI/core/view/messagesById/,
true,GET,http://localhost:3000/UI/exim/other/exportHar/,
true,GET,http://localhost:3000/script.js/?apinonce=7b75d62a0910d88c&v=2,
true,GET,http://localhost:3000/script.js/?apinonce=f5d683aeaa91cf2c&v=2,
true,GET,http://localhost:3000/UI/autoupdate/action/setOptionCheckOnStart/,
true,GET,http://localhost:3000/UI/ascan/action/clearExcludedFromScan/,
true,GET,http://localhost:3000/UI/context/view/urls/,
true,GET,http://localhost:3000/UI/graphql/view/optionArgsType/,
true,GET,http://localhost:3000/UI/autoupdate/action/setOptionDownloadNewRelease/,
true,GET,http://localhost:3000/script.js/?apinonce=501bd277eef9bad6&v=2,
true,GET,http://localhost:3000/UI/core/view/mode/,
true,GET,http://localhost:3000/UI/autoupdate/action/setOptionInstallAddonUpdates/,
true,GET,http://localhost:3000/UI/ascan/action/disableAllScanners/,
true,GET,http://localhost:3000/script.js/?apinonce=edee652ea4be1e12&v=2,
true,GET,http://localhost:3000/UI/context/action/excludeAllContextTechnologies/,
true,GET,http://localhost:3000/UI/graphql/view/optionLenientMaxQueryDepthEnabled/,
true,GET,http://localhost:3000/UI/ascan/action/disableScanners/,
true,GET,http://localhost:3000/script.js/?apinonce=6d0e639561328367&v=2,
true,GET,http://localhost:3000/script.js/?apinonce=a7653f97f92d4094&v=2,
true,GET,http://localhost:3000/UI/httpSessions/view/sites/,
true,GET,http://localhost:3000/script.js/?apinonce=eff76c5a7c56e0c1&v=2,
true,GET,http://localhost:3000/script.js/?apinonce=2105bd49a26291b1&v=2,
true,GET,http://localhost:3000/UI/httpSessions/action/addDefaultSessionToken/,
true,GET,http://localhost:3000/UI/autoupdate/action/setOptionInstallScannerRules/,
true,GET,http://localhost:3000/UI/ajaxSpider/view/optionEventWait/override?apikey=ZAP,
true,GET,http://localhost:3000/UI/graphql/view/optionMaxAdditionalQueryDepth/,
true,GET,http://localhost:3000/UI/core/view/numberOfAlerts/,
true,GET,http://localhost:3000/UI/ascan/action/enableAllScanners/,
true,GET,http://localhost:3000/UI/ascan/view/optionAddQueryParam/override?apikey=ZAP,
true,GET,http://localhost:3000/UI/core/view/numberOfMessages/,
true,GET,http://localhost:3000/UI/graphql/view/optionMaxArgsDepth/,
true,GET,http://localhost:3000/UI/exim/other/exportHarById/,
true,GET,http://localhost:3000/UI/alertFilter/action/applyContext/override?apikey=ZAP,
true,GET,http://localhost:3000/UI/exim/other/sendHarRequest/,
true,GET,http://localhost:3000/UI/autoupdate/action/setOptionReportAlphaAddons/,
true,GET,http://localhost:3000/UI/httpSessions/action/addSessionToken/,
true,GET,http://localhost:3000/UI/httpSessions/action/createEmptySession/,
true,GET,http://localhost:3000/UI/httpSessions/action/removeDefaultSessionToken/,
true,GET,http://localhost:3000/UI/httpSessions/action/removeSession/,
true,GET,http://localhost:3000/UI/context/action/excludeContextTechnologies/,
true,GET,http://localhost:3000/script.js/?apinonce=19c79e15f6f22306&v=2,
true,GET,http://localhost:3000/UI/httpSessions/action/removeSessionToken/,
true,GET,http://localhost:3000/UI/core/view/optionAlertOverridesFilePath/,
true,GET,http://localhost:3000/script.js/?apinonce=356da8c3d089383f&v=2,
true,GET,http://localhost:3000/UI/core/view/optionDefaultUserAgent/,
true,GET,http://localhost:3000/UI/alertFilter/action/applyGlobal/override?apikey=ZAP,
true,GET,http://localhost:3000/UI/context/action/excludeFromContext/,
true,GET,http://localhost:3000/script.js/?apinonce=e3817e1e1f82a4ff&v=2,
true,GET,http://localhost:3000/UI/httpSessions/action/renameSession/,
true,GET,http://localhost:3000/UI/autoupdate/action/setOptionReportBetaAddons/,
true,GET,http://localhost:3000/UI/graphql/view/optionMaxQueryDepth/,
true,GET,http://localhost:3000/UI/core/view/optionDnsTtlSuccessfulQueries/,
true,GET,http://localhost:3000/UI/ascan/action/enableScanners/,
true,GET,http://localhost:3000/UI/autoupdate/action/setOptionReportReleaseAddons/,
true,GET,http://localhost:3000/UI/ascan/action/excludeFromScan/,
true,GET,http://localhost:3000/UI/autoupdate/action/uninstallAddon/,
true,GET,http://localhost:3000/UI/hud/view/getUiOption/,
true,GET,http://localhost:3000/script.js/?apinonce=ddc0a73c7effa525&v=2,
true,GET,http://localhost:3000/UI/context/action/exportContext/,
true,GET,http://localhost:3000/script.js/?apinonce=78886e1d3f1f661b&v=2,
true,GET,http://localhost:3000/UI/httpSessions/action/setActiveSession/,
true,GET,http://localhost:3000/UI/ajaxSpider/view/optionLogoutAvoidance/override?apikey=ZAP,
true,GET,http://localhost:3000/UI/context/action/importContext/,
true,GET,http://localhost:3000/UI/core/view/optionHttpState/,
true,GET,http://localhost:3000/UI/ascan/action/importScanPolicy/,
true,GET,http://localhost:3000/UI/ascan/action/modifyExcludedParam/,
true,GET,http://localhost:3000/UI/ascan/action/pause/,
true,GET,http://localhost:3000/UI/hud/view/heartbeat/,
true,GET,http://localhost:3000/UI/authentication/action/setAuthenticationMethod/override?apikey=ZAP&authMethodConfigParams=ZAP&authMethodName=ZAP&contextId=ZAP,
true,GET,http://localhost:3000/script.js/?apinonce=5f052a6bd84d1648&v=2,
true,GET,http://localhost:3000/UI/graphql/view/optionOptionalArgsEnabled/,
true,GET,http://localhost:3000/script.js/?apinonce=60daae6f248f26e2&v=2,
true,GET,http://localhost:3000/script.js/?apinonce=e8e9e68ffda39140&v=2,
true,GET,http://localhost:3000/UI/ascan/action/pauseAllScans/,
true,GET,http://localhost:3000/UI/core/view/optionHttpStateEnabled/,
true,GET,http://localhost:3000/script.js/?apinonce=8a3410caa0dedf3f&v=2,
true,GET,http://localhost:3000/UI/httpSessions/action/setDefaultSessionTokenEnabled/,
true,GET,http://localhost:3000/UI/httpSessions/action/setSessionTokenValue/,
true,GET,http://localhost:3000/UI/context/action/includeAllContextTechnologies/,
true,GET,http://localhost:3000/UI/hud/view/hudAlertData/,
true,GET,http://localhost:3000/UI/context/action/includeContextTechnologies/,
true,GET,http://localhost:3000/UI/ascan/view/optionAttackPolicy/override?apikey=ZAP,
true,GET,http://localhost:3000/UI/context/action/includeInContext/,
true,GET,http://localhost:3000/script.js/?apinonce=a430326b92bf0753&v=2,
true,GET,http://localhost:3000/UI/graphql/view/optionQueryGenEnabled/,
true,GET,http://localhost:3000/UI/automation/view/planProgress/override?apikey=ZAP&planId=ZAP,
true,GET,http://localhost:3000/UI/ascan/view/optionAllowAttackOnStart/override?apikey=ZAP,
true,GET,http://localhost:3000/script.js/?apinonce=4063b9749d33ca64&v=2,
true,GET,http://localhost:3000/UI/ascan/action/removeAllScans/,
true,GET,http://localhost:3000/UI/hud/view/optionAllowUnsafeEval/,
true,GET,http://localhost:3000/UI/httpSessions/action/unsetActiveSession/,
true,GET,http://localhost:3000/UI/keyboard/other/cheatsheetActionOrder/,
true,GET,http://localhost:3000/UI/hud/view/optionBaseDirectory/,
true,GET,http://localhost:3000/UI/graphql/view/optionQuerySplitType/,
true,GET,http://localhost:3000/UI/ascan/action/removeExcludedParam/,
true,GET,http://localhost:3000/UI/ascan/action/removeScan/,
true,GET,http://localhost:3000/UI/context/action/newContext/,
true,GET,http://localhost:3000/script.js/?apinonce=b3dfd48ad3f89c7d&v=2,
true,GET,http://localhost:3000/UI/ajaxSpider/view/optionMaxCrawlDepth/override?apikey=ZAP,
true,GET,http://localhost:3000/UI/core/view/optionMaximumAlertInstances/,
true,GET,http://localhost:3000/UI/core/view/optionMergeRelatedAlerts/,
true,GET,http://localhost:3000/UI/graphql/view/optionRequestMethod/,
true,GET,http://localhost:3000/script.js/?apinonce=13a9ffb1e42a6ce4&v=2,
true,GET,http://localhost:3000/script.js/?apinonce=a6df3ee23866b0a3&v=2,
true,GET,http://localhost:3000/UI/hud/view/optionDevelopmentMode/,
true,GET,http://localhost:3000/UI/hud/view/optionEnableOnDomainMsgs/,
true,GET,http://localhost:3000/UI/hud/view/optionEnableTelemetry/,
true,GET,http://localhost:3000/UI/hud/view/optionEnabledForDaemon/,
true,GET,http://localhost:3000/UI/hud/view/optionEnabledForDesktop/,
true,GET,http://localhost:3000/UI/hud/view/optionInScopeOnly/,
true,GET,http://localhost:3000/UI/hud/view/optionRemoveCSP/,
true,GET,http://localhost:3000/UI/context/action/removeContext/,
true,GET,http://localhost:3000/UI/context/action/setContextCheckingStrategy/,
true,GET,http://localhost:3000/UI/ascan/view/optionDefaultPolicy/override?apikey=ZAP,
true,GET,http://localhost:3000/UI/hud/view/optionShowWelcomeScreen/,
true,GET,http://localhost:3000/UI/network/view/getAliases/,
true,GET,http://localhost:3000/script.js/?apinonce=991d8545e5e2200d&v=2,
true,GET,http://localhost:3000/UI/keyboard/other/cheatsheetKeyOrder/,
true,GET,http://localhost:3000/script.js/?apinonce=7e10d594e354bee6&v=2,
true,GET,http://localhost:3000/script.js/?apinonce=18012fdccdd1ebce&v=2,
true,GET,http://localhost:3000/UI/network/view/getConnectionTimeout/,
true,GET,http://localhost:3000/UI/hud/view/optionSkipTutorialTasks/,
true,GET,http://localhost:3000/UI/ascan/action/removeScanPolicy/,
true,GET,http://localhost:3000/UI/context/action/setContextInScope/,
true,GET,http://localhost:3000/UI/graphql/action/importFile/,
true,GET,http://localhost:3000/UI/graphql/action/importUrl/,
true,GET,http://localhost:3000/UI/graphql/action/setOptionArgsType/,
true,GET,http://localhost:3000/UI/core/view/optionProxyChainName/,
true,GET,http://localhost:3000/UI/core/view/optionProxyChainPassword/,
true,GET,http://localhost:3000/UI/core/view/optionProxyChainPort/,
true,GET,http://localhost:3000/UI/core/view/optionProxyChainPrompt/,
true,GET,http://localhost:3000/UI/graphql/action/setOptionLenientMaxQueryDepthEnabled/,
true,GET,http://localhost:3000/UI/core/view/optionProxyChainRealm/,
true,GET,http://localhost:3000/UI/graphql/action/setOptionMaxAdditionalQueryDepth/,
true,GET,http://localhost:3000/UI/graphql/action/setOptionMaxArgsDepth/,
true,GET,http://localhost:3000/UI/graphql/action/setOptionMaxQueryDepth/,
true,GET,http://localhost:3000/UI/localProxies/view/additionalProxies/,
true,GET,http://localhost:3000/script.js/?apinonce=bd40e7ea314e614d&v=2,
true,GET,http://localhost:3000/script.js/?apinonce=3b7701b9f52071ab&v=2,
true,GET,http://localhost:3000/UI/network/view/getDefaultUserAgent/,
true,GET,http://localhost:3000/UI/hud/view/optionTutorialHost/,
true,GET,http://localhost:3000/script.js/?apinonce=6d30114707fe4313&v=2,
true,GET,http://localhost:3000/UI/ascan/action/resume/,
true,GET,http://localhost:3000/UI/ascan/action/resumeAllScans/,
true,GET,http://localhost:3000/UI/context/action/setContextRegexs/,
true,GET,http://localhost:3000/UI/hud/view/optionTutorialPort/,
true,GET,http://localhost:3000/UI/hud/view/optionTutorialTasksDone/,
true,GET,http://localhost:3000/UI/hud/view/optionTutorialTestMode/,
true,GET,http://localhost:3000/UI/hud/view/optionTutorialUpdates/,
true,GET,http://localhost:3000/UI/hud/view/tutorialUpdates/,
true,GET,http://localhost:3000/UI/hud/view/upgradedDomains/,
true,GET,http://localhost:3000/UI/hud/action/log/,
true,GET,http://localhost:3000/UI/hud/action/recordRequest/,
true,GET,http://localhost:3000/UI/hud/action/resetTutorialTasks/,
true,GET,http://localhost:3000/UI/hud/action/setOptionBaseDirectory/,
true,GET,http://localhost:3000/UI/ajaxSpider/view/optionMaxCrawlStates/override?apikey=ZAP,
true,GET,http://localhost:3000/UI/hud/action/setOptionDevelopmentMode/,
true,GET,http://localhost:3000/UI/core/view/optionProxyChainSkipName/,
true,GET,http://localhost:3000/script.js/?apinonce=237b75f67463d80b&v=2,
true,GET,http://localhost:3000/UI/authentication/action/setLoggedInIndicator/override?apikey=ZAP&contextId=ZAP&loggedInIndicatorRegex=ZAP,
true,GET,http://localhost:3000/script.js/?apinonce=d36f2e39123f61e8&v=2,
true,GET,http://localhost:3000/UI/graphql/action/setOptionOptionalArgsEnabled/,
true,GET,http://localhost:3000/script.js/?apinonce=ff33633689b44e3e&v=2,
true,GET,http://localhost:3000/UI/automation/action/endDelayJob/override?apikey=ZAP,
true,GET,http://localhost:3000/UI/network/view/getDnsTtlSuccessfulQueries/,
true,GET,http://localhost:3000/script.js/?apinonce=873c38493bcf3926&v=2,
true,GET,http://localhost:3000/UI/alertFilter/action/testAll/override?apikey=ZAP,
true,GET,http://localhost:3000/UI/graphql/action/setOptionQueryGenEnabled/,
true,GET,http://localhost:3000/UI/localProxies/action/addAdditionalProxy/,
true,GET,http://localhost:3000/UI/ascan/action/scan/,
true,GET,http://localhost:3000/UI/core/view/optionProxyChainUserName/,
true,GET,http://localhost:3000/script.js/?apinonce=2a398b4524d09697&v=2,
true,GET,http://localhost:3000/UI/alertFilter/action/testContext/override?apikey=ZAP,
true,GET,http://localhost:3000/UI/hud/action/setOptionEnableOnDomainMsgs/,
true,GET,http://localhost:3000/UI/localProxies/action/removeAdditionalProxy/,
true,GET,http://localhost:3000/script.js/?apinonce=dee57e1248c5d035&v=2,
true,GET,http://localhost:3000/UI/hud/action/setOptionEnabledForDaemon/,
true,GET,http://localhost:3000/UI/alertFilter/action/removeGlobalAlertFilter/override?apikey=ZAP&attack=ZAP&attackIsRegex=ZAP&enabled=ZAP&evidence=ZAP&evidenceIsRegex=ZAP&methods=ZAP&newLevel=ZAP&parameter=ZAP&parameterIsRegex=ZAP&ruleId=ZAP&url=https%3A%2F%2Fzap.example.com&urlIsRegex=ZAP,
true,GET,http://localhost:3000/UI/ascan/view/optionDelayInMs/override?apikey=ZAP,
true,GET,http://localhost:3000/UI/network/view/getHttpProxy/,
true,GET,http://localhost:3000/script.js/?apinonce=ed36cf3a22e3e648&v=2,
true,GET,http://localhost:3000/UI/core/view/optionProxyExcludedDomains/,
true,GET,http://localhost:3000/UI/ascan/action/scanAsUser/,
true,GET,http://localhost:3000/UI/graphql/action/setOptionQuerySplitType/,
true,GET,http://localhost:3000/UI/ascan/action/setEnabledPolicies/,
true,GET,http://localhost:3000/UI/graphql/action/setOptionRequestMethod/,
true,GET,http://localhost:3000/UI/authorization/view/getAuthorizationDetectionMethod/override?apikey=ZAP&contextId=ZAP,
true,GET,http://localhost:3000/UI/alertFilter/action/removeAlertFilter/override?apikey=ZAP&attack=ZAP&attackIsRegex=ZAP&contextId=ZAP&enabled=ZAP&evidence=ZAP&evidenceIsRegex=ZAP&methods=ZAP&newLevel=ZAP&parameter=ZAP&parameterIsRegex=ZAP&ruleId=ZAP&url=https%3A%2F%2Fzap.example.com&urlIsRegex=ZAP,
true,GET,http://localhost:3000/script.js/?apinonce=c54e3d7d901bc382&v=2,
true,GET,http://localhost:3000/script.js/?apinonce=65a894bc0f5f19c6&v=2,
true,GET,http://localhost:3000/UI/openapi/action/importFile/,
true,GET,http://localhost:3000/script.js/?apinonce=629a0d0a41849f7e&v=2,
true,GET,http://localhost:3000/script.js/?apinonce=6243f07d17c9ba17&v=2,
true,GET,http://localhost:3000/script.js/?apinonce=5073592a86b4aef0&v=2,
true,GET,http://localhost:3000/script.js/?apinonce=8afd908e1b6dadfa&v=2,
true,GET,http://localhost:3000/UI/automation/action/runPlan/override?apikey=ZAP&filePath=ZAP,
true,GET,http://localhost:3000/UI/hud/action/setOptionEnabledForDesktop/,
true,GET,http://localhost:3000/script.js/?apinonce=7d12445fba61c8ff&v=2,
true,GET,http://localhost:3000/script.js/?apinonce=241195d353b00fb0&v=2,
true,GET,http://localhost:3000/UI/ajaxSpider/view/optionRandomInputs/override?apikey=ZAP,
true,GET,http://localhost:3000/script.js/?apinonce=ce09a06833e60ce&v=2,
true,GET,http://localhost:3000/UI/oast/view/getActiveScanService/,
true,GET,http://localhost:3000/UI/ascan/action/setOptionAddQueryParam/,
true,GET,http://localhost:3000/UI/core/view/optionProxyExcludedDomainsEnabled/,
true,GET,http://localhost:3000/UI/network/view/getHttpProxyExclusions/,
true,GET,http://localhost:3000/UI/openapi/action/importUrl/,
true,GET,http://localhost:3000/UI/network/view/getLocalServers/,
true,GET,http://localhost:3000/script.js/?apinonce=6d4b298b26c83551&v=2,
true,GET,http://localhost:3000/UI/ajaxSpider/view/optionNumberOfBrowsers/override?apikey=ZAP,
true,GET,http://localhost:3000/UI/ajaxSpider/view/optionMaxDuration/override?apikey=ZAP,
true,GET,http://localhost:3000/script.js/?apinonce=15a9cc0303110769&v=2,
true,GET,http://localhost:3000/UI/ajaxSpider/view/optionScopeCheck/override?apikey=ZAP,
true,GET,http://localhost:3000/UI/hud/action/setOptionInScopeOnly/,
true,GET,http://localhost:3000/UI/authentication/action/setLoggedOutIndicator/override?apikey=ZAP&contextId=ZAP&loggedOutIndicatorRegex=ZAP,
true,GET,http://localhost:3000/UI/ajaxSpider/view/optionReloadWait/override?apikey=ZAP,
true,GET,http://localhost:3000/script.js/?apinonce=a49db9fdc66515a6&v=2,
true,GET,http://localhost:3000/UI/network/view/getPassThroughs/,
true,GET,http://localhost:3000/UI/oast/view/getBoastOptions/,
true,GET,http://localhost:3000/script.js/?apinonce=5a9a44409c6bc9aa&v=2,
true,GET,http://localhost:3000/UI/network/view/getRateLimitRules/,
true,GET,http://localhost:3000/UI/core/view/optionSingleCookieRequestHeader/,
true,GET,http://localhost:3000/UI/core/view/optionTimeoutInSecs/,
true,GET,http://localhost:3000/UI/core/view/optionUseProxyChain/,
true,GET,http://localhost:3000/UI/ascan/action/setOptionAllowAttackOnStart/,
true,GET,http://localhost:3000/UI/alertFilter/action/testGlobal/override?apikey=ZAP,
true,GET,http://localhost:3000/script.js/?apinonce=7695e3eb125c5381&v=2,
true,GET,http://localhost:3000/UI/authorization/action/setBasicAuthorizationDetectionMethod/override?apikey=ZAP&bodyRegex=ZAP&contextId=ZAP&headerRegex=ZAP&logicalOperator=ZAP&statusCode=ZAP,
true,GET,http://localhost:3000/UI/ascan/action/setOptionAttackPolicy/,
true,GET,http://localhost:3000/UI/core/view/optionUseProxyChainAuth/,
true,GET,http://localhost:3000/UI/network/view/getRootCaCertValidity/,
true,GET,http://localhost:3000/UI/oast/view/getCallbackOptions/,
true,GET,http://localhost:3000/UI/ascan/view/optionExcludedParamList/override?apikey=ZAP,
true,GET,http://localhost:3000/UI/hud/action/setOptionRemoveCSP/,
true,GET,http://localhost:3000/UI/hud/action/setOptionShowWelcomeScreen/,
true,GET,http://localhost:3000/UI/ascan/action/setOptionDefaultPolicy/,
true,GET,http://localhost:3000/UI/ascan/action/setOptionDelayInMs/,
true,GET,http://localhost:3000/UI/core/view/optionUseSocksProxy/,
true,GET,http://localhost:3000/UI/ascan/action/setOptionEncodeCookieValues/,
true,GET,http://localhost:3000/UI/oast/view/getDaysToKeepRecords/,
true,GET,http://localhost:3000/script.js/?apinonce=7fc9b6a6abdaefb&v=2,
true,GET,http://localhost:3000/UI/postman/action/importFile/,
true,GET,http://localhost:3000/script.js/?apinonce=503f6a7b0884f348&v=2,
true,GET,http://localhost:3000/script.js/?apinonce=3c4eb891e5047b69&v=2,
true,GET,http://localhost:3000/UI/network/view/getServerCertValidity/,
true,GET,http://localhost:3000/UI/oast/view/getInteractshOptions/,
true,GET,http://localhost:3000/UI/ascan/view/optionEncodeCookieValues/override?apikey=ZAP,
true,GET,http://localhost:3000/UI/core/view/proxyChainExcludedDomains/,
true,GET,http://localhost:3000/script.js/?apinonce=3b8a8a94c62a788c&v=2,
true,GET,http://localhost:3000/UI/hud/action/setOptionSkipTutorialTasks/,
true,GET,http://localhost:3000/UI/ascan/action/setOptionHandleAntiCSRFTokens/,
true,GET,http://localhost:3000/script.js/?apinonce=20f4d81c92a1a0b1&v=2,
true,GET,http://localhost:3000/script.js/?apinonce=bea97e93f161042&v=2,
true,GET,http://localhost:3000/UI/core/view/sessionLocation/,
true,GET,http://localhost:3000/UI/params/view/params/,
true,GET,http://localhost:3000/UI/hud/action/setOptionTutorialTaskDone/,
true,GET,http://localhost:3000/UI/oast/view/getServices/,
true,GET,http://localhost:3000/UI/network/view/getSocksProxy/,
true,GET,http://localhost:3000/script.js/?apinonce=6dcfd1b1bbe73ac3&v=2,
true,GET,http://localhost:3000/UI/hud/action/setOptionTutorialTestMode/,
true,GET,http://localhost:3000/UI/oast/action/setActiveScanService/,
true,GET,http://localhost:3000/UI/postman/action/importUrl/,
true,GET,http://localhost:3000/UI/ascan/view/optionHostPerScan/override?apikey=ZAP,
true,GET,http://localhost:3000/script.js/?apinonce=4b34e62b1fb5f925&v=2,
true,GET,http://localhost:3000/UI/hud/action/setUiOption/,
true,GET,http://localhost:3000/UI/ascan/view/optionHandleAntiCSRFTokens/override?apikey=ZAP,
true,GET,http://localhost:3000/UI/ascan/view/optionMaxAlertsPerRule/override?apikey=ZAP,
true,GET,http://localhost:3000/UI/oast/action/setBoastOptions/,
true,GET,http://localhost:3000/UI/network/view/isHttpProxyAuthEnabled/,
true,GET,http://localhost:3000/UI/core/view/sites/,
true,GET,http://localhost:3000/UI/ascan/action/setOptionHostPerScan/,
true,GET,http://localhost:3000/UI/core/view/urls/,
true,GET,http://localhost:3000/UI/ascan/view/optionInjectPluginIdInHeader/override?apikey=ZAP,
true,GET,http://localhost:3000/UI/network/view/isHttpProxyEnabled/,
true,GET,http://localhost:3000/UI/oast/action/setCallbackOptions/,
true,GET,http://localhost:3000/UI/hud/other/changesInHtml/,
true,GET,http://localhost:3000/script.js/?apinonce=825dce85580ccb0c&v=2,
true,GET,http://localhost:3000/UI/core/view/version/,
true,GET,http://localhost:3000/UI/network/view/isSocksProxyEnabled/,
true,GET,http://localhost:3000/UI/oast/action/setDaysToKeepRecords/,
true,GET,http://localhost:3000/script.js/?apinonce=a5cc493776245cd7&v=2,
true,GET,http://localhost:3000/script.js/?apinonce=4306a6509ffca7e4&v=2,
true,GET,http://localhost:3000/script.js/?apinonce=f9309de86be24361&v=2,
true,GET,http://localhost:3000/script.js/?apinonce=4408fc6a157abae4&v=2,
true,GET,http://localhost:3000/UI/ajaxSpider/view/results/override?apikey=ZAP&count=3&start=ZAP,
true,GET,http://localhost:3000/script.js/?apinonce=34d8b57c73a7a8d2&v=2,
true,GET,http://localhost:3000/UI/core/view/zapHomePath/,
true,GET,http://localhost:3000/UI/oast/action/setInteractshOptions/,
true,GET,http://localhost:3000/UI/network/view/isUseGlobalHttpState/,
true,GET,http://localhost:3000/script.js/?apinonce=417c7d2c584b05a3&v=2,
true,GET,http://localhost:3000/script.js/?apinonce=aadec000e5e6b7f2&v=2,
true,GET,http://localhost:3000/UI/ascan/action/setOptionInjectPluginIdInHeader/,
true,GET,http://localhost:3000/script.js/?apinonce=b64a2e061cbfceba&v=2,
true,GET,http://localhost:3000/UI/quickstartlaunch/other/startPage/,
true,GET,http://localhost:3000/UI/core/action/accessUrl/,
true,GET,http://localhost:3000/UI/ascan/view/optionMaxResultsToList/override?apikey=ZAP,
true,GET,http://localhost:3000/UI/automation/action/stopPlan/override?apikey=ZAP&planId=ZAP,
true,GET,http://localhost:3000/UI/core/action/addProxyChainExcludedDomain/,
true,GET,http://localhost:3000/UI/replacer/view/rules/,
true,GET,http://localhost:3000/script.js/?apinonce=4c0f2f3c455c49fa&v=2,
true,GET,http://localhost:3000/UI/ascan/action/setOptionMaxAlertsPerRule/,
true,GET,http://localhost:3000/UI/ascan/action/setOptionMaxChartTimeInMins/,
true,GET,http://localhost:3000/UI/ascan/view/optionMaxChartTimeInMins/override?apikey=ZAP,
true,GET,http://localhost:3000/UI/network/action/addAlias/,
true,GET,http://localhost:3000/UI/ascan/action/setOptionMaxResultsToList/,
true,GET,http://localhost:3000/script.js/?apinonce=c648c38182fdcba7&v=2,
true,GET,http://localhost:3000/UI/ajaxSpider/action/addAllowedResource/override?apikey=ZAP&enabled=ZAP&regex=ZAP,
true,GET,http://localhost:3000/UI/ajaxSpider/action/modifyExcludedElement/override?apikey=ZAP&attributeName=ZAP&attributeValue=ZAP&contextName=ZAP&description=Zaproxy+alias+impedit+expedita+quisquam+pariatur+exercitationem.+Nemo+rerum+eveniet+dolores+rem+quia+dignissimos.&descriptionNew=ZAP&element=ZAP&enabled=ZAP&text=ZAP&xpath=ZAP,
true,GET,http://localhost:3000/script.js/?apinonce=a4815510d3be2f01&v=2,
true,GET,http://localhost:3000/UI/ajaxSpider/view/status/override?apikey=ZAP,
true,GET,http://localhost:3000/UI/ajaxSpider/action/addExcludedElement/override?apikey=ZAP&attributeName=ZAP&attributeValue=ZAP&contextName=ZAP&description=Zaproxy+alias+impedit+expedita+quisquam+pariatur+exercitationem.+Nemo+rerum+eveniet+dolores+rem+quia+dignissimos.&element=ZAP&enabled=ZAP&text=ZAP&xpath=ZAP,
true,GET,http://localhost:3000/UI/ascan/action/setOptionMaxRuleDurationInMins/,
true,GET,http://localhost:3000/UI/network/action/addHttpProxyExclusion/,
true,GET,http://localhost:3000/UI/replacer/action/addRule/,
true,GET,http://localhost:3000/UI/core/action/clearExcludedFromProxy/,
true,GET,http://localhost:3000/UI/core/action/createSbomZip/,
false,GET,https://www.zaproxy.org/docs/constants/,Out of Scope
true,GET,http://localhost:3000/UI/replacer/action/removeRule/,
true,GET,http://localhost:3000/UI/network/action/addLocalServer/,
true,GET,http://localhost:3000/UI/ascan/action/setOptionMaxScanDurationInMins/,
true,GET,http://localhost:3000/script.js/?apinonce=84838b55b128d9e8&v=2,
true,GET,http://localhost:3000/UI/reveal/view/reveal/,
true,GET,http://localhost:3000/UI/pscan/view/currentRule/,
true,GET,http://localhost:3000/UI/core/action/deleteAlert/,
true,GET,http://localhost:3000/script.js/?apinonce=4f606c88035c5d2b&v=2,
true,GET,http://localhost:3000/UI/network/action/addPassThrough/,
true,GET,http://localhost:3000/UI/retest/action/retest/,
true,GET,http://localhost:3000/UI/search/view/messagesByHeaderRegex/,
true,GET,http://localhost:3000/UI/replacer/action/setEnabled/,
true,GET,http://localhost:3000/UI/script/view/globalCustomVar/,
true,GET,http://localhost:3000/UI/reveal/action/setReveal/,
true,GET,http://localhost:3000/UI/clientSpider/view/status/override?apikey=ZAP&scanId=ZAP,
true,GET,http://localhost:3000/UI/selenium/view/getBrowserArguments/,
true,GET,http://localhost:3000/UI/ruleConfig/view/allRuleConfigs/,
true,GET,http://localhost:3000/UI/clientSpider/action/scan/override?apikey=ZAP&browser=ZAP&contextName=ZAP&maxCrawlDepth=ZAP&numberOfBrowsers=ZAP&pageLoadTime=ZAP&scopeCheck=ZAP&subtreeOnly=ZAP&url=https%3A%2F%2Fzap.example.com&userName=ZAP,
true,GET,http://localhost:3000/script.js/?apinonce=eec317a6dc2d6a3&v=2,
true,GET,http://localhost:3000/UI/network/action/addPkcs12ClientCertificate/,
true,GET,http://localhost:3000/UI/pscan/view/currentTasks/,
true,GET,http://localhost:3000/script.js/?apinonce=273d1fc10e6bab4a&v=2,
true,GET,http://localhost:3000/UI/core/action/deleteAllAlerts/,
true,GET,http://localhost:3000/UI/ascan/action/setOptionMaxScansInUI/,
true,GET,http://localhost:3000/UI/ruleConfig/view/ruleConfigValue/,
true,GET,http://localhost:3000/UI/clientSpider/action/stop/override?apikey=ZAP&scanId=ZAP,
true,GET,http://localhost:3000/UI/script/view/globalCustomVars/,
true,GET,http://localhost:3000/script.js/?apinonce=c24e6f694024bdb6&v=2,
true,GET,http://localhost:3000/UI/selenium/view/optionBrowserExtensions/,
true,GET,http://localhost:3000/UI/script/view/globalVar/,
true,GET,http://localhost:3000/UI/search/view/messagesByNoteRegex/,
true,GET,http://localhost:3000/UI/ruleConfig/action/resetAllRuleConfigValues/,
true,GET,http://localhost:3000/UI/core/action/deleteSiteNode/,
true,GET,http://localhost:3000/UI/ruleConfig/action/resetRuleConfigValue/,
true,GET,http://localhost:3000/UI/core/action/disableAllProxyChainExcludedDomains/,
true,GET,http://localhost:3000/UI/pscan/view/maxAlertsPerRule/,
true,GET,http://localhost:3000/UI/network/action/addRateLimitRule/,
true,GET,http://localhost:3000/UI/search/view/messagesByRequestRegex/,
true,GET,http://localhost:3000/UI/script/view/globalVars/,
true,GET,http://localhost:3000/UI/search/view/messagesByResponseRegex/,
true,GET,http://localhost:3000/UI/search/view/messagesByTagRegex/,
true,GET,http://localhost:3000/UI/pscan/view/maxBodySizeInBytes/,
true,GET,http://localhost:3000/UI/network/action/generateRootCaCert/,
true,GET,http://localhost:3000/script.js/?apinonce=10f325cf0ee8fbb2&v=2,
true,GET,http://localhost:3000/UI/core/action/disableClientCertificate/,
true,GET,http://localhost:3000/UI/script/view/listEngines/,
true,GET,http://localhost:3000/UI/sessionManagement/view/getSessionManagementMethod/,
true,GET,http://localhost:3000/UI/ruleConfig/action/setRuleConfigValue/,
true,GET,http://localhost:3000/script.js/?apinonce=9db1f554d9c1df60&v=2,
true,GET,http://localhost:3000/UI/ascan/action/setOptionPromptInAttackMode/,
true,GET,http://localhost:3000/UI/selenium/view/optionChromeBinaryPath/,
true,GET,http://localhost:3000/script.js/?apinonce=a5995fabbb7d90fa&v=2,
true,GET,http://localhost:3000/script.js/?apinonce=838805f78a01e310&v=2,
true,GET,http://localhost:3000/UI/selenium/view/optionChromeDriverPath/,
true,GET,http://localhost:3000/UI/search/view/messagesByUrlRegex/,
true,GET,http://localhost:3000/UI/ajaxSpider/action/removeAllowedResource/override?apikey=ZAP&regex=ZAP,
true,GET,http://localhost:3000/script.js/?apinonce=fab82edbaa58c5af&v=2,
true,GET,http://localhost:3000/UI/network/action/importRootCaCert/,
true,GET,http://localhost:3000/UI/ascan/action/setOptionPromptToClearFinishedScans/,
true,GET,http://localhost:3000/script.js/?apinonce=133aaf2f15b874d6&v=2,
true,GET,http://localhost:3000/UI/sessionManagement/view/getSessionManagementMethodConfigParams/,
true,GET,http://localhost:3000/UI/sessionManagement/view/getSupportedSessionManagementMethods/,
true,GET,http://localhost:3000/UI/script/view/listScripts/,
true,GET,http://localhost:3000/UI/core/action/enableAllProxyChainExcludedDomains/,
true,GET,http://localhost:3000/UI/pscan/view/recordsToScan/,
true,GET,http://localhost:3000/UI/core/action/enablePKCS12ClientCertificate/,
true,GET,http://localhost:3000/UI/script/view/listTypes/,
true,GET,http://localhost:3000/UI/autoupdate/view/installedAddons/override?apikey=ZAP,
true,GET,http://localhost:3000/UI/sessionManagement/action/setSessionManagementMethod/,
true,GET,http://localhost:3000/UI/ascan/action/setOptionRescanInAttackMode/,
true,GET,http://localhost:3000/UI/network/action/removeAlias/,
true,GET,http://localhost:3000/UI/search/view/urlsByHeaderRegex/,
true,GET,http://localhost:3000/UI/selenium/view/optionEdgeBinaryPath/,
true,GET,http://localhost:3000/UI/break/view/httpMessage/override?apikey=ZAP,
true,GET,http://localhost:3000/UI/selenium/view/optionEdgeDriverPath/,
true,GET,http://localhost:3000/UI/search/view/urlsByNoteRegex/,
true,GET,http://localhost:3000/UI/ascan/view/optionMaxRuleDurationInMins/override?apikey=ZAP,
true,GET,http://localhost:3000/UI/network/action/removeHttpProxyExclusion/,
true,GET,http://localhost:3000/UI/ascan/action/setOptionScanHeadersAllRequests/,
true,GET,http://localhost:3000/script.js/?apinonce=82f48dc8963c0a8&v=2,
true,GET,http://localhost:3000/UI/reports/view/templateDetails/,
true,GET,http://localhost:3000/UI/pscan/view/scanOnlyInScope/,
true,GET,http://localhost:3000/UI/core/action/excludeFromProxy/,
true,GET,http://localhost:3000/UI/script/view/scriptCustomVar/,
true,GET,http://localhost:3000/script.js/?apinonce=b90985c9c8d44bbe&v=2,
true,GET,http://localhost:3000/UI/pscan/view/scanners/,
true,GET,http://localhost:3000/UI/selenium/view/optionFirefoxBinaryPath/,
true,GET,http://localhost:3000/UI/search/view/urlsByRequestRegex/,
true,GET,http://localhost:3000/UI/network/action/removeLocalServer/,
true,GET,http://localhost:3000/UI/script/view/scriptCustomVars/,
true,GET,http://localhost:3000/script.js/?apinonce=7fca39041eda6f02&v=2,
true,GET,http://localhost:3000/UI/ascan/action/setOptionScanNullJsonValues/,
true,GET,http://localhost:3000/UI/reports/view/templates/,
true,GET,http://localhost:3000/script.js/?apinonce=70b348497bdd36f&v=2,
true,GET,http://localhost:3000/UI/selenium/view/optionFirefoxDefaultProfile/,
true,GET,http://localhost:3000/UI/pscan/action/clearQueue/,
true,GET,http://localhost:3000/script.js/?apinonce=9c68cf683e1189dc&v=2,
true,GET,http://localhost:3000/script.js/?apinonce=599e3f798a54e9e2&v=2,
true,GET,http://localhost:3000/UI/ascan/action/setOptionShowAdvancedDialog/,
true,GET,http://localhost:3000/UI/core/action/generateRootCA/,
true,GET,http://localhost:3000/UI/selenium/view/optionFirefoxDriverPath/,
true,GET,http://localhost:3000/UI/ajaxSpider/action/removeExcludedElement/override?apikey=ZAP&contextName=ZAP&description=Zaproxy+alias+impedit+expedita+quisquam+pariatur+exercitationem.+Nemo+rerum+eveniet+dolores+rem+quia+dignissimos.,
true,GET,http://localhost:3000/UI/ascan/action/setOptionTargetParamsEnabledRPC/,
true,GET,http://localhost:3000/UI/selenium/view/optionIeDriverPath/,
true,GET,http://localhost:3000/UI/core/action/loadSession/,
true,GET,http://localhost:3000/UI/core/action/modifyProxyChainExcludedDomain/,
true,GET,http://localhost:3000/UI/search/view/urlsByResponseRegex/,
true,GET,http://localhost:3000/UI/core/action/newSession/,
true,GET,http://localhost:3000/script.js/?apinonce=3a50567b2637bbd7&v=2,
true,GET,http://localhost:3000/UI/autoupdate/view/isLatestVersion/override?apikey=ZAP,
true,GET,http://localhost:3000/UI/pscan/action/disableAllScanners/,
true,GET,http://localhost:3000/UI/ascan/action/setOptionTargetParamsInjectable/,
true,GET,http://localhost:3000/UI/ascan/action/setOptionThreadPerHost/,
true,GET,http://localhost:3000/UI/selenium/view/optionLastDirectory/,
true,GET,http://localhost:3000/UI/search/view/urlsByTagRegex/,
true,GET,http://localhost:3000/UI/selenium/view/optionPhantomJsBinaryPath/,
true,GET,http://localhost:3000/UI/reports/action/generate/,
true,GET,http://localhost:3000/UI/script/view/scriptVar/,
true,GET,http://localhost:3000/UI/network/action/removePassThrough/,
true,GET,http://localhost:3000/UI/ajaxSpider/action/scan/override?apikey=ZAP&contextName=ZAP&inScope=ZAP&subtreeOnly=ZAP&url=https%3A%2F%2Fzap.example.com,
true,GET,http://localhost:3000/UI/ascan/view/optionMaxScanDurationInMins/override?apikey=ZAP,
true,GET,http://localhost:3000/UI/core/action/removeProxyChainExcludedDomain/,
true,GET,http://localhost:3000/UI/core/action/runGarbageCollection/,
true,GET,http://localhost:3000/UI/script/view/scriptVars/,
true,GET,http://localhost:3000/UI/script/action/clearGlobalCustomVar/,
true,GET,http://localhost:3000/UI/pscan/action/disableAllTags/,
true,GET,http://localhost:3000/UI/core/action/saveSession/,
true,GET,http://localhost:3000/UI/core/action/sendRequest/,
true,GET,http://localhost:3000/UI/core/action/setHomeDirectory/,
true,GET,http://localhost:3000/UI/ascan/action/setPolicyAlertThreshold/,
true,GET,http://localhost:3000/UI/ascan/action/setPolicyAttackStrength/,
true,GET,http://localhost:3000/UI/ascan/action/setScannerAlertThreshold/,
true,GET,http://localhost:3000/UI/search/view/urlsByUrlRegex/,
true,GET,http://localhost:3000/UI/spider/view/addedNodes/,
true,GET,http://localhost:3000/UI/selenium/action/addBrowserArgument/,
true,GET,http://localhost:3000/UI/network/action/removeRateLimitRule/,
true,GET,http://localhost:3000/script.js/?apinonce=ee1ce86e33f1ff48&v=2,
true,GET,http://localhost:3000/UI/soap/action/importFile/,
true,GET,http://localhost:3000/UI/soap/action/importUrl/,
true,GET,http://localhost:3000/script.js/?apinonce=3f7542dce1c5709a&v=2,
true,GET,http://localhost:3000/script.js/?apinonce=1615d2d50d83d2b9&v=2,
true,GET,http://localhost:3000/UI/autoupdate/view/latestVersionNumber/override?apikey=ZAP,
true,GET,http://localhost:3000/UI/pscan/action/disableScanners/,
true,GET,http://localhost:3000/script.js/?apinonce=8fa8bcd65c5af8d2&v=2,
true,GET,http://localhost:3000/script.js/?apinonce=ec4b93835e97372b&v=2,
true,GET,http://localhost:3000/UI/ascan/action/setScannerAttackStrength/,
true,GET,http://localhost:3000/UI/script/action/clearGlobalVar/,
true,GET,http://localhost:3000/UI/client/action/exportClientMap/override?apikey=ZAP&pathYaml=ZAP,
true,GET,http://localhost:3000/UI/core/action/setLogLevel/,
true,GET,http://localhost:3000/UI/search/other/harByHeaderRegex/,
true,GET,http://localhost:3000/script.js/?apinonce=968482ba81ccdad0&v=2,
true,GET,http://localhost:3000/UI/selenium/action/launchBrowser/,
true,GET,http://localhost:3000/UI/network/action/setAliasEnabled/,
true,GET,http://localhost:3000/UI/search/other/harByNoteRegex/,
true,GET,http://localhost:3000/UI/network/action/setConnectionTimeout/,
true,GET,http://localhost:3000/script.js/?apinonce=90e2e0bcd456c3b9&v=2,
true,GET,http://localhost:3000/UI/search/other/harByRequestRegex/,
true,GET,http://localhost:3000/UI/spider/view/allUrls/,
true,GET,http://localhost:3000/UI/ascan/action/skipScanner/,
true,GET,http://localhost:3000/UI/script/action/clearGlobalVars/,
true,GET,http://localhost:3000/UI/stats/view/allSitesStats/,
true,GET,http://localhost:3000/script.js/?apinonce=15a5d2225da5501a&v=2,
true,GET,http://localhost:3000/UI/pscan/action/enableAllScanners/,
true,GET,http://localhost:3000/UI/spider/view/domainsAlwaysInScope/,
true,GET,http://localhost:3000/UI/core/action/setMode/,
true,GET,http://localhost:3000/UI/break/view/isBreakAll/override?apikey=ZAP,
true,GET,http://localhost:3000/UI/ajaxSpider/action/scanAsUser/override?apikey=ZAP&contextName=ZAP&subtreeOnly=ZAP&url=https%3A%2F%2Fzap.example.com&userName=ZAP,
true,GET,http://localhost:3000/UI/search/other/harByResponseRegex/,
true,GET,http://localhost:3000/UI/ascan/action/stop/,
true,GET,http://localhost:3000/UI/network/action/setDefaultUserAgent/,
true,GET,http://localhost:3000/UI/selenium/action/removeBrowserArgument/,
true,GET,http://localhost:3000/UI/search/other/harByTagRegex/,
true,GET,http://localhost:3000/UI/selenium/action/setBrowserArgumentEnabled/,
true,GET,http://localhost:3000/UI/network/action/setDnsTtlSuccessfulQueries/,
true,GET,http://localhost:3000/UI/ascan/action/stopAllScans/,
true,GET,http://localhost:3000/UI/core/action/setOptionAlertOverridesFilePath/,
true,GET,http://localhost:3000/UI/spider/view/excludedFromScan/,
true,GET,http://localhost:3000/UI/network/action/setHttpProxy/,
true,GET,http://localhost:3000/UI/pscan/action/enableAllTags/,
true,GET,http://localhost:3000/UI/spider/view/fullResults/,
true,GET,http://localhost:3000/UI/users/view/getAuthenticationCredentials/,
true,GET,http://localhost:3000/UI/stats/view/optionInMemoryEnabled/,
true,GET,http://localhost:3000/script.js/?apinonce=896c8dfc3a97203f&v=2,
true,GET,http://localhost:3000/UI/core/action/setOptionDefaultUserAgent/,
true,GET,http://localhost:3000/UI/ascan/action/updateScanPolicy/,
true,GET,http://localhost:3000/UI/network/action/setHttpProxyAuthEnabled/,
true,GET,http://localhost:3000/script.js/?apinonce=2c96928d69ce1ecf&v=2,
true,GET,http://localhost:3000/script.js/?apinonce=389e3aee1628ef8e&v=2,
true,GET,http://localhost:3000/UI/selenium/action/setOptionChromeBinaryPath/,
true,GET,http://localhost:3000/script.js/?apinonce=76c517c6db9abe7b&v=2,
true,GET,http://localhost:3000/UI/search/other/harByUrlRegex/,
true,GET,http://localhost:3000/UI/script/action/clearScriptCustomVar/,
true,GET,http://localhost:3000/UI/core/action/setOptionDnsTtlSuccessfulQueries/,
true,GET,http://localhost:3000/UI/pscan/action/enableScanners/,
true,GET,http://localhost:3000/UI/core/action/setOptionHttpStateEnabled/,
true,GET,http://localhost:3000/script.js/?apinonce=42543ef198688d06&v=2,
true,GET,http://localhost:3000/UI/script/action/clearScriptVar/,
true,GET,http://localhost:3000/UI/ascan/view/optionMaxScansInUI/override?apikey=ZAP,
true,GET,http://localhost:3000/UI/selenium/action/setOptionChromeDriverPath/,
true,GET,http://localhost:3000/script.js/?apinonce=ecc6fc4ce6f6a122&v=2,
true,GET,http://localhost:3000/UI/autoupdate/view/localAddons/override?apikey=ZAP,
true,GET,http://localhost:3000/UI/client/action/reportEvent/override?apikey=ZAP&eventJson=ZAP,
true,GET,http://localhost:3000/UI/spider/view/optionAcceptCookies/,
true,GET,http://localhost:3000/UI/spider/view/optionDomainsAlwaysInScope/,
true,GET,http://localhost:3000/script.js/?apinonce=186be2dc26f34954&v=2,
true,GET,http://localhost:3000/UI/spider/view/optionDomainsAlwaysInScopeEnabled/,
true,GET,http://localhost:3000/UI/stats/view/optionStatsdEnabled/,
true,GET,http://localhost:3000/UI/break/view/isBreakRequest/override?apikey=ZAP,
true,GET,http://localhost:3000/UI/selenium/action/setOptionEdgeBinaryPath/,
true,GET,http://localhost:3000/UI/selenium/action/setOptionEdgeDriverPath/,
true,GET,http://localhost:3000/UI/network/action/setHttpProxyEnabled/,
true,GET,http://localhost:3000/UI/users/view/getAuthenticationCredentialsConfigParams/,
true,GET,http://localhost:3000/script.js/?apinonce=d611c8610c4e8bed&v=2,
true,GET,http://localhost:3000/UI/autoupdate/view/marketplaceAddons/override?apikey=ZAP,
true,GET,http://localhost:3000/UI/selenium/action/setOptionFirefoxBinaryPath/,
true,GET,http://localhost:3000/UI/script/action/clearScriptVars/,
true,GET,http://localhost:3000/UI/script/action/disable/,
true,GET,http://localhost:3000/UI/script/action/enable/,
true,GET,http://localhost:3000/UI/script/action/load/,
true,GET,http://localhost:3000/UI/core/action/setOptionMaximumAlertInstances/,
true,GET,http://localhost:3000/UI/pscan/action/setEnabled/,
true,GET,http://localhost:3000/UI/core/action/setOptionMergeRelatedAlerts/,
true,GET,http://localhost:3000/UI/core/action/setOptionProxyChainName/,
true,GET,http://localhost:3000/UI/script/action/remove/,
true,GET,http://localhost:3000/UI/script/action/runStandAloneScript/,
true,GET,http://localhost:3000/UI/script/action/setGlobalVar/,
true,GET,http://localhost:3000/UI/selenium/action/setOptionFirefoxDefaultProfile/,
true,GET,http://localhost:3000/UI/script/action/setScriptVar/,
true,GET,http://localhost:3000/script.js/?apinonce=32c338bd6787e508&v=2,
true,GET,http://localhost:3000/UI/network/action/setHttpProxyExclusionEnabled/,
true,GET,http://localhost:3000/UI/users/view/getAuthenticationSession/,
true,GET,http://localhost:3000/UI/autoupdate/view/newAddons/override?apikey=ZAP,
true,GET,http://localhost:3000/UI/users/view/getAuthenticationState/,
true,GET,http://localhost:3000/UI/spider/view/optionHandleODataParametersVisited/,
true,GET,http://localhost:3000/UI/users/view/getUserById/,
true,GET,http://localhost:3000/UI/stats/view/optionStatsdHost/,
true,GET,http://localhost:3000/script.js/?apinonce=f9e9847783093961&v=2,
true,GET,http://localhost:3000/UI/stats/view/optionStatsdPort/,
true,GET,http://localhost:3000/UI/spider/view/optionHandleParameters/,
true,GET,http://localhost:3000/UI/spider/view/optionLogoutAvoidance/,
true,GET,http://localhost:3000/script.js/?apinonce=600bf38b0392323&v=2,
true,GET,http://localhost:3000/UI/spider/view/optionMaxChildren/,
true,GET,http://localhost:3000/UI/pscan/action/setMaxAlertsPerRule/,
true,GET,http://localhost:3000/UI/pscan/action/setMaxBodySizeInBytes/,
true,GET,http://localhost:3000/UI/pscan/action/setScanOnlyInScope/,
true,GET,http://localhost:3000/UI/pscan/action/setScannerAlertThreshold/,
true,GET,http://localhost:3000/UI/core/action/setOptionProxyChainPassword/,
true,GET,http://localhost:3000/UI/spider/view/optionMaxDepth/,
true,GET,http://localhost:3000/UI/break/action/break/override?apikey=ZAP&scope=ZAP&state=Oklahoma&type=ZAP,
true,GET,http://localhost:3000/UI/core/action/setOptionProxyChainPort/,
true,GET,http://localhost:3000/UI/selenium/action/setOptionFirefoxDriverPath/,
true,GET,http://localhost:3000/script.js/?apinonce=eaed7148e7aff32&v=2,
true,GET,http://localhost:3000/UI/core/action/setOptionProxyChainPrompt/,
true,GET,http://localhost:3000/UI/core/action/setOptionProxyChainRealm/,
true,GET,http://localhost:3000/UI/core/action/setOptionProxyChainSkipName/,
true,GET,http://localhost:3000/UI/network/action/setPassThroughEnabled/,
true,GET,http://localhost:3000/UI/spider/view/optionMaxDuration/,
true,GET,http://localhost:3000/UI/core/action/setOptionProxyChainUserName/,
true,GET,http://localhost:3000/UI/network/action/setRateLimitRuleEnabled/,
true,GET,http://localhost:3000/UI/ascan/view/optionPromptInAttackMode/override?apikey=ZAP,
true,GET,http://localhost:3000/UI/core/action/setOptionSingleCookieRequestHeader/,
true,GET,http://localhost:3000/UI/selenium/action/setOptionIeDriverPath/,
true,GET,http://localhost:3000/UI/stats/view/optionStatsdPrefix/,
true,GET,http://localhost:3000/script.js/?apinonce=6602449bc401a6f7&v=2,
true,GET,http://localhost:3000/script.js/?apinonce=640db5b010a813fc&v=2,
true,GET,http://localhost:3000/UI/users/view/usersList/,
true,GET,http://localhost:3000/UI/users/action/authenticateAsUser/,
true,GET,http://localhost:3000/UI/users/action/newUser/,
true,GET,http://localhost:3000/script.js/?apinonce=c9f21d32eedadda9&v=2,
true,GET,http://localhost:3000/UI/client/action/reportObject/override?apikey=ZAP&objectJson=ZAP,
true,GET,http://localhost:3000/UI/break/view/isBreakResponse/override?apikey=ZAP,
true,GET,http://localhost:3000/UI/stats/view/siteStats/,
true,GET,http://localhost:3000/UI/stats/view/stats/,
true,GET,http://localhost:3000/UI/stats/action/clearStats/,
true,GET,http://localhost:3000/UI/break/action/addHttpBreakpoint/override?apikey=ZAP&ignorecase=ZAP&inverse=ZAP&location=ZAP&match=ZAP&string=ZAP,
true,GET,http://localhost:3000/UI/stats/action/setOptionInMemoryEnabled/,
true,GET,http://localhost:3000/UI/users/action/pollAsUser/,
true,GET,http://localhost:3000/UI/users/action/removeUser/,
true,GET,http://localhost:3000/UI/users/action/setAuthenticationCredentials/,
true,GET,http://localhost:3000/UI/spider/view/optionMaxParseSizeBytes/,
true,GET,http://localhost:3000/UI/network/action/setRootCaCertValidity/,
true,GET,http://localhost:3000/script.js/?apinonce=c8b9956f2ab349ef&v=2,
true,GET,http://localhost:3000/UI/ajaxSpider/action/setEnabledAllowedResource/override?apikey=ZAP&enabled=ZAP&regex=ZAP,
true,GET,http://localhost:3000/UI/core/action/setOptionTimeoutInSecs/,
true,GET,http://localhost:3000/script.js/?apinonce=b8c32054c6f09551&v=2,
true,GET,http://localhost:3000/script.js/?apinonce=92291ae063008ec2&v=2,
true,GET,http://localhost:3000/script.js/?apinonce=a2ab1e8003555dd3&v=2,
true,GET,http://localhost:3000/script.js/?apinonce=6c9e308a89742298&v=2,
true,GET,http://localhost:3000/UI/selenium/action/setOptionLastDirectory/,
true,GET,http://localhost:3000/UI/stats/action/setOptionStatsdHost/,
true,GET,http://localhost:3000/UI/users/action/setAuthenticationState/,
true,GET,http://localhost:3000/UI/spider/view/optionMaxScansInUI/,
true,GET,http://localhost:3000/script.js/?apinonce=69fe78c1f93c02e1&v=2,
true,GET,http://localhost:3000/script.js/?apinonce=48c5e04ea5a7cc99&v=2,
true,GET,http://localhost:3000/UI/websocket/view/breakTextMessage/,
true,GET,http://localhost:3000/script.js/?apinonce=b0f8925c2aa283e7&v=2,
true,GET,http://localhost:3000/UI/spider/view/optionParseComments/,
true,GET,http://localhost:3000/UI/autoupdate/view/optionAddonDirectories/override?apikey=ZAP,
true,GET,http://localhost:3000/UI/selenium/action/setOptionPhantomJsBinaryPath/,
true,GET,http://localhost:3000/UI/spider/view/optionParseDsStore/,
true,GET,http://localhost:3000/UI/ajaxSpider/action/setOptionBrowserId/override?String=ZAP&apikey=ZAP,
true,GET,http://localhost:3000/UI/stats/action/setOptionStatsdPort/,
true,GET,http://localhost:3000/script.js/?apinonce=63ff01a92f85e3fd&v=2,
true,GET,http://localhost:3000/UI/users/action/setCookie/,
true,GET,http://localhost:3000/UI/network/action/setServerCertValidity/,
true,GET,http://localhost:3000/UI/core/action/setOptionUseProxyChain/,
true,GET,http://localhost:3000/UI/ascan/view/optionPromptToClearFinishedScans/override?apikey=ZAP,
true,GET,http://localhost:3000/UI/network/action/setSocksProxy/,
true,GET,http://localhost:3000/UI/network/action/setSocksProxyEnabled/,
true,GET,http://localhost:3000/UI/client/action/reportZestScript/override?apikey=ZAP&scriptJson=ZAP,
true,GET,http://localhost:3000/UI/network/action/setUseClientCertificate/,
true,GET,http://localhost:3000/UI/websocket/view/channels/,
true,GET,http://localhost:3000/UI/websocket/view/message/,
true,GET,http://localhost:3000/UI/ascan/view/optionRescanInAttackMode/override?apikey=ZAP,
true,GET,http://localhost:3000/UI/core/action/setOptionUseProxyChainAuth/,
true,GET,http://localhost:3000/UI/users/action/setUserEnabled/,
true,GET,http://localhost:3000/script.js/?apinonce=fea37fba3339bfae&v=2,
true,GET,http://localhost:3000/UI/stats/action/setOptionStatsdPrefix/,
true,GET,http://localhost:3000/script.js/?apinonce=5187d5a652bc4b4c&v=2,
true,GET,http://localhost:3000/UI/spider/view/optionParseGit/,
true,GET,http://localhost:3000/UI/break/action/continue/override?apikey=ZAP,
true,GET,http://localhost:3000/script.js/?apinonce=346a07a586e65eb3&v=2,
true,GET,http://localhost:3000/UI/break/action/drop/override?apikey=ZAP,
true,GET,http://localhost:3000/UI/users/action/setUserName/,
true,GET,http://localhost:3000/script.js/?apinonce=df960713310baad1&v=2,
true,GET,http://localhost:3000/UI/core/action/setOptionUseSocksProxy/,
true,GET,http://localhost:3000/UI/network/action/setUseGlobalHttpState/,
true,GET,http://localhost:3000/UI/websocket/view/messages/,
true,GET,http://localhost:3000/script.js/?apinonce=3ecff9352ce35e6a&v=2,
true,GET,http://localhost:3000/UI/websocket/action/sendTextMessage/,
true,GET,http://localhost:3000/script.js/?apinonce=bd488b9c92839abd&v=2,
true,GET,http://localhost:3000/script.js/?apinonce=ebc6a94bd3bbd634&v=2,
true,GET,http://localhost:3000/UI/network/other/proxy.pac/,
true,GET,http://localhost:3000/UI/autoupdate/view/optionCheckAddonUpdates/override?apikey=ZAP,
true,GET,http://localhost:3000/script.js/?apinonce=8a9b071dc64fad59&v=2,
true,GET,http://localhost:3000/UI/network/other/rootCaCert/,
true,GET,http://localhost:3000/UI/websocket/action/setBreakTextMessage/,
true,GET,http://localhost:3000/UI/spider/view/optionParseRobotsTxt/,
true,GET,http://localhost:3000/UI/spider/view/optionParseSVNEntries/,
true,GET,http://localhost:3000/UI/ascan/view/optionScanHeadersAllRequests/override?apikey=ZAP,
true,GET,http://localhost:3000/script.js/?apinonce=28c175f6dff063a&v=2,
true,GET,http://localhost:3000/UI/core/action/shutdown/,
true,GET,http://localhost:3000/UI/network/other/setProxy/,
true,GET,http://localhost:3000/script.js/?apinonce=29f612a90c97f48&v=2,
true,GET,http://localhost:3000/script.js/?apinonce=186ea21154f88eb6&v=2,
true,GET,http://localhost:3000/script.js/?apinonce=d244fd14f9022dfd&v=2,
true,GET,http://localhost:3000/UI/client/action/reportZestStatement/override?apikey=ZAP&statementJson=ZAP,
true,GET,http://localhost:3000/UI/ajaxSpider/action/setOptionClickDefaultElems/override?Boolean=ZAP&apikey=ZAP,
true,GET,http://localhost:3000/UI/spider/view/optionParseSitemapXml/,
true,GET,http://localhost:3000/script.js/?apinonce=15c0ca8aaac9d4e6&v=2,
true,GET,http://localhost:3000/script.js/?apinonce=6ecfc299200c028e&v=2,
true,GET,http://localhost:3000/script.js/?apinonce=94bb02baf56da62d&v=2,
true,GET,http://localhost:3000/script.js/?apinonce=20e759da9e683cae&v=2,
true,GET,http://localhost:3000/script.js/?apinonce=5aa03bde49eef920&v=2,
true,GET,http://localhost:3000/UI/core/action/snapshotSession/,
true,GET,http://localhost:3000/UI/core/other/fileDownload/,
true,GET,http://localhost:3000/UI/core/other/fileUpload/,
true,GET,http://localhost:3000/script.js/?apinonce=a550ec74be460cc5&v=2,
true,GET,http://localhost:3000/script.js/?apinonce=4a9507c96c8612ac&v=2,
true,GET,http://localhost:3000/UI/spider/view/optionPostForm/,
true,GET,http://localhost:3000/script.js/?apinonce=6af136d26cc86720&v=2,
true,GET,http://localhost:3000/script.js/?apinonce=d1b6d6f534a51473&v=2,
true,GET,http://localhost:3000/script.js/?apinonce=49874dbc2503c77d&v=2,
true,GET,http://localhost:3000/script.js/?apinonce=194cb738b4e906a&v=2,
true,GET,http://localhost:3000/script.js/?apinonce=e0f6908b8eb28d58&v=2,
true,GET,http://localhost:3000/script.js/?apinonce=4bd70d463259cf57&v=2,
true,GET,http://localhost:3000/UI/break/action/removeHttpBreakpoint/override?apikey=ZAP&ignorecase=ZAP&inverse=ZAP&location=ZAP&match=ZAP&string=ZAP,
true,GET,http://localhost:3000/UI/core/other/htmlreport/,
true,GET,http://localhost:3000/UI/autoupdate/view/optionCheckOnStart/override?apikey=ZAP,
true,GET,http://localhost:3000/UI/ascan/view/optionScanNullJsonValues/override?apikey=ZAP,
true,GET,http://localhost:3000/UI/ajaxSpider/action/setOptionEnableExtensions/override?Boolean=ZAP&apikey=ZAP,
true,GET,http://localhost:3000/script.js/?apinonce=69f6337ad57a2156&v=2,
true,GET,http://localhost:3000/UI/autoupdate/view/optionDayLastChecked/override?apikey=ZAP,
true,GET,http://localhost:3000/script.js/?apinonce=b670ef11521c62a&v=2,
true,GET,http://localhost:3000/UI/spider/view/optionProcessForm/,
true,GET,http://localhost:3000/UI/spider/view/optionSendRefererHeader/,
true,GET,http://localhost:3000/UI/ascan/view/optionShowAdvancedDialog/override?apikey=ZAP,
true,GET,http://localhost:3000/UI/spider/view/optionShowAdvancedDialog/,
true,GET,http://localhost:3000/script.js/?apinonce=48198c04b6ce352c&v=2,
true,GET,http://localhost:3000/UI/ajaxSpider/action/setOptionClickElemsOnce/override?Boolean=ZAP&apikey=ZAP,
true,GET,http://localhost:3000/UI/autoupdate/view/optionDayLastInstallWarned/override?apikey=ZAP,
true,GET,http://localhost:3000/UI/ascan/view/optionTargetParamsEnabledRPC/override?apikey=ZAP,
true,GET,http://localhost:3000/script.js/?apinonce=3661d8302fd635f&v=2,
true,GET,http://localhost:3000/UI/core/other/jsonreport/,
true,GET,http://localhost:3000/UI/break/action/setHttpMessage/override?apikey=ZAP&httpBody=ZAP&httpHeader=ZAP,
true,GET,http://localhost:3000/UI/core/other/mdreport/,
true,GET,http://localhost:3000/UI/core/view/alert/override?apikey=ZAP&id=ZAP,
true,GET,http://localhost:3000/script.js/?apinonce=37afc559efa5cf12&v=2,
true,GET,http://localhost:3000/script.js/?apinonce=4ad36e14095c5534&v=2,
true,GET,http://localhost:3000/script.js/?apinonce=f2a34ca3a0225abd&v=2,
true,GET,http://localhost:3000/script.js/?apinonce=b20eb877e2d84102&v=2,
true,GET,http://localhost:3000/script.js/?apinonce=5fcf4791025d5518&v=2,
true,GET,http://localhost:3000/UI/break/pconn/waitForHttpBreak/override?apikey=ZAP&keepalive=ZAP&poll=ZAP,
true,GET,http://localhost:3000/UI/break/action/step/override?apikey=ZAP,
true,GET,http://localhost:3000/UI/core/view/alertsSummary/override?apikey=ZAP&baseurl=ZAP,
true,GET,http://localhost:3000/UI/spider/view/optionSkipURLString/,
true,GET,http://localhost:3000/UI/core/other/messageHar/,
true,GET,http://localhost:3000/script.js/?apinonce=1c25b38d4260fc31&v=2,
true,GET,http://localhost:3000/UI/autoupdate/view/optionDayLastUpdateWarned/override?apikey=ZAP,
true,GET,http://localhost:3000/UI/spider/view/optionThreadCount/,
true,GET,http://localhost:3000/UI/core/other/messagesHar/,
true,GET,http://localhost:3000/UI/ajaxSpider/action/setOptionEventWait/override?Integer=ZAP&apikey=ZAP,
true,GET,http://localhost:3000/script.js/?apinonce=398f3e1cccb37baa&v=2,
true,GET,http://localhost:3000/UI/ascan/view/optionTargetParamsInjectable/override?apikey=ZAP,
true,GET,http://localhost:3000/UI/core/other/messagesHarById/,
true,GET,http://localhost:3000/script.js/?apinonce=d9451996d80d8fbe&v=2,
true,GET,http://localhost:3000/UI/spider/view/optionUserAgent/,
true,GET,http://localhost:3000/UI/core/other/proxy.pac/,
true,GET,http://localhost:3000/UI/core/other/rootcert/,
true,GET,http://localhost:3000/UI/autoupdate/view/optionDownloadDirectory/override?apikey=ZAP,
true,GET,http://localhost:3000/UI/core/other/sendHarRequest/,
true,GET,http://localhost:3000/script.js/?apinonce=4459536baf6dfe55&v=2,
true,GET,http://localhost:3000/UI/core/other/setproxy/,
true,GET,http://localhost:3000/UI/core/other/xmlreport/,
true,GET,http://localhost:3000/UI/ascan/view/optionThreadPerHost/override?apikey=ZAP,
true,GET,http://localhost:3000/script.js/?apinonce=50d97c5cd9f738f1&v=2,
true,GET,http://localhost:3000/UI/spider/view/results/,
true,GET,http://localhost:3000/script.js/?apinonce=44f7082390ed7cf3&v=2,
true,GET,http://localhost:3000/UI/ajaxSpider/action/setOptionLogoutAvoidance/override?Boolean=ZAP&apikey=ZAP,
true,GET,http://localhost:3000/script.js/?apinonce=707a0fb1464e24c3&v=2,
true,GET,http://localhost:3000/UI/core/view/childNodes/override?apikey=ZAP&url=https%3A%2F%2Fzap.example.com,
true,GET,http://localhost:3000/script.js/?apinonce=2f4d7d5c36d757ef&v=2,
true,GET,http://localhost:3000/script.js/?apinonce=36595315ddeaa524&v=2,
true,GET,http://localhost:3000/script.js/?apinonce=754bef0a25467c71&v=2,
true,GET,http://localhost:3000/script.js/?apinonce=be0605207cf2771f&v=2,
true,GET,http://localhost:3000/script.js/?apinonce=281e873e7592482c&v=2,
true,GET,http://localhost:3000/UI/ajaxSpider/action/setOptionMaxDuration/override?Integer=ZAP&apikey=ZAP,
true,GET,http://localhost:3000/UI/ajaxSpider/action/setOptionMaxCrawlDepth/override?Integer=ZAP&apikey=ZAP,
true,GET,http://localhost:3000/script.js/?apinonce=4b9e2b0a63f8712f&v=2,
true,GET,http://localhost:3000/script.js/?apinonce=e37abcf024bf017b&v=2,
true,GET,http://localhost:3000/UI/context/view/context/override?apikey=ZAP&contextName=ZAP,
true,GET,http://localhost:3000/UI/spider/view/scans/,
true,GET,http://localhost:3000/script.js/?apinonce=1172bd9743481e3&v=2,
true,GET,http://localhost:3000/script.js/?apinonce=e2732f37b8488c4e&v=2,
true,GET,http://localhost:3000/script.js/?apinonce=95b7063772b0df3c&v=2,
true,GET,http://localhost:3000/UI/ascan/view/policies/override?apikey=ZAP&policyId=ZAP&scanPolicyName=ZAP,
true,GET,http://localhost:3000/UI/spider/view/status/,
true,GET,http://localhost:3000/script.js/?apinonce=c46888269eafd03&v=2,
true,GET,http://localhost:3000/script.js/?apinonce=b807a6ab8cfb3cb6&v=2,
true,GET,http://localhost:3000/UI/core/view/getLogLevel/override?apikey=ZAP&name=ZAP,
true,GET,http://localhost:3000/UI/ajaxSpider/action/setOptionMaxCrawlStates/override?Integer=ZAP&apikey=ZAP,
true,GET,http://localhost:3000/UI/context/view/contextList/override?apikey=ZAP,
true,GET,http://localhost:3000/UI/autoupdate/view/optionDownloadNewRelease/override?apikey=ZAP,
true,GET,http://localhost:3000/script.js/?apinonce=265c9e0fd3b0cae4&v=2,
true,GET,http://localhost:3000/UI/ajaxSpider/action/setOptionReloadWait/override?Integer=ZAP&apikey=ZAP,
true,GET,http://localhost:3000/UI/ajaxSpider/action/setOptionRandomInputs/override?Boolean=ZAP&apikey=ZAP,
true,GET,http://localhost:3000/script.js/?apinonce=6fc88703361626e1&v=2,
true,GET,http://localhost:3000/script.js/?apinonce=e05948466301f1b&v=2,
true,GET,http://localhost:3000/UI/autoupdate/view/optionInstallAddonUpdates/override?apikey=ZAP,
true,GET,http://localhost:3000/UI/core/view/excludedFromProxy/override?apikey=ZAP,
true,GET,http://localhost:3000/UI/core/view/alerts/override?apikey=ZAP&baseurl=ZAP&count=3&riskId=ZAP&start=ZAP,
true,GET,http://localhost:3000/script.js/?apinonce=c13e201d65a9f90&v=2,
true,GET,http://localhost:3000/script.js/?apinonce=9da94dffbaad6697&v=2,
true,GET,http://localhost:3000/script.js/?apinonce=c30cb368f969ba69&v=2,
true,GET,http://localhost:3000/script.js/?apinonce=79b9204e02c81bd2&v=2,
true,GET,http://localhost:3000/script.js/?apinonce=694d8c3f4592ff19&v=2,
true,GET,http://localhost:3000/UI/spider/action/addDomainAlwaysInScope/,
true,GET,http://localhost:3000/UI/spider/action/clearExcludedFromScan/,
true,GET,http://localhost:3000/UI/spider/action/disableAllDomainsAlwaysInScope/,
true,GET,http://localhost:3000/script.js/?apinonce=9195b77283a91c83&v=2,
true,GET,http://localhost:3000/UI/ascan/view/scanPolicyNames/override?apikey=ZAP,
true,GET,http://localhost:3000/UI/autoupdate/view/optionInstallScannerRules/override?apikey=ZAP,
true,GET,http://localhost:3000/UI/ajaxSpider/action/setOptionScopeCheck/override?String=ZAP&apikey=ZAP,
true,GET,http://localhost:3000/script.js/?apinonce=cb6d14dd2382e322&v=2,
true,GET,http://localhost:3000/script.js/?apinonce=da87b4de984456ec&v=2,
true,GET,http://localhost:3000/UI/autoupdate/view/optionReportBetaAddons/override?apikey=ZAP,
true,GET,http://localhost:3000/script.js/?apinonce=c5ed283fe03c0c3&v=2,
true,GET,http://localhost:3000/script.js/?apinonce=1f1bd72abf0221f2&v=2,
true,GET,http://localhost:3000/UI/ajaxSpider/action/setOptionNumberOfBrowsers/override?Integer=ZAP&apikey=ZAP,
true,GET,http://localhost:3000/script.js/?apinonce=ea5bebd523beef9f&v=2,
true,GET,http://localhost:3000/script.js/?apinonce=57ea4e229b0b006f&v=2,
true,GET,http://localhost:3000/script.js/?apinonce=fdb7504735a80851&v=2,
true,GET,http://localhost:3000/script.js/?apinonce=aa1bb2e705648fc&v=2,
true,GET,http://localhost:3000/script.js/?apinonce=ea01d415d3f15248&v=2,
true,GET,http://localhost:3000/script.js/?apinonce=79979f40b5186870&v=2,
true,GET,http://localhost:3000/UI/autoupdate/view/optionReportAlphaAddons/override?apikey=ZAP,
true,GET,http://localhost:3000/script.js/?apinonce=d5dd7cc70ad68fc7&v=2,
true,GET,http://localhost:3000/UI/spider/action/enableAllDomainsAlwaysInScope/,
true,GET,http://localhost:3000/UI/ascan/view/scanners/override?apikey=ZAP&policyId=ZAP&scanPolicyName=ZAP,
true,GET,http://localhost:3000/UI/exim/action/importHar/override?apikey=ZAP&filePath=ZAP,
true,GET,http://localhost:3000/UI/core/view/homeDirectory/override?apikey=ZAP,
true,GET,http://localhost:3000/UI/ajaxSpider/action/stop/override?apikey=ZAP,
true,GET,http://localhost:3000/UI/forcedUser/view/getForcedUser/override?apikey=ZAP&contextId=ZAP,
true,GET,http://localhost:3000/UI/context/view/excludeRegexs/override?apikey=ZAP&contextName=ZAP,
true,GET,http://localhost:3000/UI/exim/action/exportSitesTree/override?apikey=ZAP&filePath=ZAP,
true,GET,http://localhost:3000/script.js/?apinonce=d7dd966c402829aa&v=2,
true,GET,http://localhost:3000/script.js/?apinonce=47380df92a477cc2&v=2,
true,GET,http://localhost:3000/UI/forcedUser/view/isForcedUserModeEnabled/override?apikey=ZAP,
true,GET,http://localhost:3000/UI/ascan/view/scanProgress/override?apikey=ZAP&scanId=ZAP,
true,GET,http://localhost:3000/UI/autoupdate/view/optionReportReleaseAddons/override?apikey=ZAP,
true,GET,http://localhost:3000/script.js/?apinonce=18fe6dd46e1951c5&v=2,
true,GET,http://localhost:3000/UI/spider/action/excludeFromScan/,
true,GET,http://localhost:3000/UI/spider/action/modifyDomainAlwaysInScope/,
true,GET,http://localhost:3000/script.js/?apinonce=88498e93a4e31583&v=2,
true,GET,http://localhost:3000/UI/httpSessions/view/defaultSessionTokens/override?apikey=ZAP,
true,GET,http://localhost:3000/script.js/?apinonce=52e31913830d6cd4&v=2,
true,GET,http://localhost:3000/script.js/?apinonce=d17ab1a038c74866&v=2,
true,GET,http://localhost:3000/UI/spider/action/pause/,
true,GET,http://localhost:3000/script.js/?apinonce=522dcff13ac40869&v=2,
true,GET,http://localhost:3000/script.js/?apinonce=2190c82b5f9d98c1&v=2,
true,GET,http://localhost:3000/script.js/?apinonce=8bb35abf3f53c578&v=2,
true,GET,http://localhost:3000/UI/httpSessions/view/activeSession/override?apikey=ZAP&site=ZAP,
true,GET,http://localhost:3000/script.js/?apinonce=2779e368c4e46a88&v=2,
true,GET,http://localhost:3000/script.js/?apinonce=690fe4f83d821a96&v=2,
true,GET,http://localhost:3000/script.js/?apinonce=a9e583a63c658e4f&v=2,
true,GET,http://localhost:3000/UI/exim/action/importZapLogs/override?apikey=ZAP&filePath=ZAP,
true,GET,http://localhost:3000/script.js/?apinonce=83d7442975840b24&v=2,
true,GET,http://localhost:3000/UI/ascan/view/scans/override?apikey=ZAP,
true,GET,http://localhost:3000/UI/core/view/hosts/override?apikey=ZAP,
true,GET,http://localhost:3000/UI/core/view/message/override?apikey=ZAP&id=ZAP,
true,GET,http://localhost:3000/UI/exim/action/importModsec2Logs/override?apikey=ZAP&filePath=ZAP,
true,GET,http://localhost:3000/UI/spider/action/pauseAllScans/,
true,GET,http://localhost:3000/script.js/?apinonce=2eb01f43005c3515&v=2,
true,GET,http://localhost:3000/UI/spider/action/removeAllScans/,
true,GET,http://localhost:3000/UI/spider/action/removeDomainAlwaysInScope/,
true,GET,http://localhost:3000/UI/spider/action/removeScan/,
true,GET,http://localhost:3000/UI/context/view/excludedTechnologyList/override?apikey=ZAP&contextName=ZAP,
true,GET,http://localhost:3000/UI/spider/action/resume/,
true,GET,http://localhost:3000/script.js/?apinonce=42380b617b63c883&v=2,
true,GET,http://localhost:3000/UI/forcedUser/action/setForcedUser/override?apikey=ZAP&contextId=ZAP&userId=ZAP,
true,GET,http://localhost:3000/UI/autoupdate/view/updatedAddons/override?apikey=ZAP,
true,GET,http://localhost:3000/script.js/?apinonce=ccbd6a85737e00ef&v=2,
true,GET,http://localhost:3000/script.js/?apinonce=4391c8e9807a11f9&v=2,
true,GET,http://localhost:3000/UI/ascan/view/status/override?apikey=ZAP&scanId=ZAP,
true,GET,http://localhost:3000/UI/context/view/includeRegexs/override?apikey=ZAP&contextName=ZAP,
true,GET,http://localhost:3000/script.js/?apinonce=32389d1c43c082c7&v=2,
true,GET,http://localhost:3000/script.js/?apinonce=3322e5485404e29a&v=2,
true,GET,http://localhost:3000/UI/spider/action/resumeAllScans/,
true,GET,http://localhost:3000/UI/spider/action/scan/,
true,GET,http://localhost:3000/UI/spider/action/scanAsUser/,
true,GET,http://localhost:3000/script.js/?apinonce=c8cdc8ab3f03abcf&v=2,
true,GET,http://localhost:3000/UI/spider/action/setOptionAcceptCookies/,
true,GET,http://localhost:3000/UI/spider/action/setOptionHandleODataParametersVisited/,
true,GET,http://localhost:3000/UI/spider/action/setOptionHandleParameters/,
true,GET,http://localhost:3000/UI/spider/action/setOptionLogoutAvoidance/,
true,GET,http://localhost:3000/UI/spider/action/setOptionMaxChildren/,
true,GET,http://localhost:3000/UI/spider/action/setOptionMaxDepth/,
true,GET,http://localhost:3000/UI/spider/action/setOptionMaxDuration/,
true,GET,http://localhost:3000/UI/spider/action/setOptionMaxParseSizeBytes/,
true,GET,http://localhost:3000/UI/spider/action/setOptionMaxScansInUI/,
true,GET,http://localhost:3000/UI/spider/action/setOptionParseComments/,
true,GET,http://localhost:3000/UI/spider/action/setOptionParseDsStore/,
true,GET,http://localhost:3000/UI/spider/action/setOptionParseGit/,
true,GET,http://localhost:3000/UI/spider/action/setOptionParseRobotsTxt/,
true,GET,http://localhost:3000/UI/spider/action/setOptionParseSVNEntries/,
true,GET,http://localhost:3000/UI/ascan/action/addExcludedParam/override?apikey=ZAP&name=ZAP&type=ZAP&url=https%3A%2F%2Fzap.example.com,
true,GET,http://localhost:3000/script.js/?apinonce=1dad7b04d93114ff&v=2,
true,GET,http://localhost:3000/script.js/?apinonce=a6d7fbb13af66fe3&v=2,
true,GET,http://localhost:3000/script.js/?apinonce=22aa9c150b6c25bb&v=2,
true,GET,http://localhost:3000/UI/autoupdate/action/installAddon/override?apikey=ZAP&id=ZAP,
true,GET,http://localhost:3000/UI/spider/action/setOptionParseSitemapXml/,
true,GET,http://localhost:3000/script.js/?apinonce=3de99ee859d0f81c&v=2,
true,GET,http://localhost:3000/UI/spider/action/setOptionPostForm/,
true,GET,http://localhost:3000/UI/forcedUser/action/setForcedUserModeEnabled/override?apikey=ZAP&boolean=ZAP,
true,GET,http://localhost:3000/UI/exim/action/importUrls/override?apikey=ZAP&filePath=ZAP,
true,GET,http://localhost:3000/script.js/?apinonce=79e4c0ad186adb77&v=2,
true,GET,http://localhost:3000/UI/exim/action/pruneSitesTree/override?apikey=ZAP&filePath=ZAP,
true,GET,http://localhost:3000/UI/spider/action/setOptionProcessForm/,
true,GET,http://localhost:3000/script.js/?apinonce=2bb6564e88b91420&v=2,
true,GET,http://localhost:3000/script.js/?apinonce=e9e8bc81d46932f3&v=2,
true,GET,http://localhost:3000/script.js/?apinonce=14443d95822aedf&v=2,
true,GET,http://localhost:3000/UI/context/view/includedTechnologyList/override?apikey=ZAP&contextName=ZAP,
true,GET,http://localhost:3000/UI/core/view/messages/override?apikey=ZAP&baseurl=ZAP&count=3&start=ZAP,
true,GET,http://localhost:3000/script.js/?apinonce=30ebc280c0e0bf92&v=2,
true,GET,http://localhost:3000/UI/autoupdate/action/setOptionCheckAddonUpdates/override?Boolean=ZAP&apikey=ZAP,
true,GET,http://localhost:3000/script.js/?apinonce=409356fcfde2580e&v=2,
true,GET,http://localhost:3000/UI/autoupdate/action/downloadLatestRelease/override?apikey=ZAP,
true,GET,http://localhost:3000/script.js/?apinonce=789c0f03b01ff02d&v=2,
true,GET,http://localhost:3000/script.js/?apinonce=b35405c6663717af&v=2,
true,GET,http://localhost:3000/UI/spider/action/setOptionSendRefererHeader/,
true,GET,http://localhost:3000/UI/spider/action/setOptionShowAdvancedDialog/,
true,GET,http://localhost:3000/UI/context/view/technologyList/override?apikey=ZAP,
true,GET,http://localhost:3000/UI/spider/action/setOptionSkipURLString/,
true,GET,http://localhost:3000/script.js/?apinonce=8cb9bfb6633b64cb&v=2,
true,GET,http://localhost:3000/UI/httpSessions/view/sessions/override?apikey=ZAP&session=ZAP&site=ZAP,
true,GET,http://localhost:3000/UI/exim/other/exportHar/override?apikey=ZAP&baseurl=ZAP&count=3&start=ZAP,
true,GET,http://localhost:3000/script.js/?apinonce=26dccaf0570d17f&v=2,
true,GET,http://localhost:3000/script.js/?apinonce=df7182990733cc23&v=2,
true,GET,http://localhost:3000/UI/graphql/view/optionArgsType/override?apikey=ZAP,
true,GET,http://localhost:3000/script.js/?apinonce=d1209696d97aea2a&v=2,
true,GET,http://localhost:3000/script.js/?apinonce=8281aee68cc1c4bb&v=2,
true,GET,http://localhost:3000/script.js/?apinonce=e0b4d70df5226e14&v=2,
true,GET,http://localhost:3000/script.js/?apinonce=17ee8d04329f2aa8&v=2,
true,GET,http://localhost:3000/UI/httpSessions/view/sessionTokens/override?apikey=ZAP&site=ZAP,
true,GET,http://localhost:3000/UI/ascan/action/addScanPolicy/override?alertThreshold=ZAP&apikey=ZAP&attackStrength=ZAP&scanPolicyName=ZAP,
true,GET,http://localhost:3000/UI/httpSessions/view/sites/override?apikey=ZAP,
true,GET,http://localhost:3000/UI/spider/action/setOptionThreadCount/,
true,GET,http://localhost:3000/script.js/?apinonce=8de36792967f9151&v=2,
true,GET,http://localhost:3000/UI/autoupdate/action/setOptionCheckOnStart/override?Boolean=ZAP&apikey=ZAP,
true,GET,http://localhost:3000/UI/autoupdate/action/setOptionDownloadNewRelease/override?Boolean=ZAP&apikey=ZAP,
true,GET,http://localhost:3000/script.js/?apinonce=ba719d7f1d8a0161&v=2,
true,GET,http://localhost:3000/script.js/?apinonce=3afade59aa914561&v=2,
true,GET,http://localhost:3000/UI/ascan/action/disableAllScanners/override?apikey=ZAP&scanPolicyName=ZAP,
true,GET,http://localhost:3000/UI/ascan/action/disableScanners/override?apikey=ZAP&ids=ZAP&scanPolicyName=ZAP,
true,GET,http://localhost:3000/script.js/?apinonce=4f3fbe3a6b4465b5&v=2,
true,GET,http://localhost:3000/UI/context/view/urls/override?apikey=ZAP&contextName=ZAP,
true,GET,http://localhost:3000/UI/ascan/action/clearExcludedFromScan/override?apikey=ZAP,
true,GET,http://localhost:3000/UI/core/view/messagesById/override?apikey=ZAP&ids=ZAP,
true,GET,http://localhost:3000/UI/spider/action/setOptionUserAgent/,
true,GET,http://localhost:3000/script.js/?apinonce=d67f6b080cdde0aa&v=2,
true,GET,http://localhost:3000/script.js/?apinonce=6fa5a986ddbf966c&v=2,
true,GET,http://localhost:3000/UI/spider/action/stop/,
true,GET,http://localhost:3000/script.js/?apinonce=46169f1a87ac978d&v=2,
true,GET,http://localhost:3000/script.js/?apinonce=67f585ec2e4427f9&v=2,
true,GET,http://localhost:3000/UI/context/action/excludeAllContextTechnologies/override?apikey=ZAP&contextName=ZAP,
true,GET,http://localhost:3000/UI/core/view/numberOfAlerts/override?apikey=ZAP&baseurl=ZAP&riskId=ZAP,
true,GET,http://localhost:3000/script.js/?apinonce=48ff3cdfc5d2d0cc&v=2,
true,GET,http://localhost:3000/UI/spider/action/stopAllScans/,
true,GET,http://localhost:3000/UI/graphql/view/optionMaxAdditionalQueryDepth/override?apikey=ZAP,
true,GET,http://localhost:3000/script.js/?apinonce=5176be7c1886c0e0&v=2,
true,GET,http://localhost:3000/script.js/?apinonce=a9fcdf12b7b2f1a7&v=2,
true,GET,http://localhost:3000/script.js/?apinonce=faba521455ac9d63&v=2,
true,GET,http://localhost:3000/script.js/?apinonce=ceaa38279143e19f&v=2,
true,GET,http://localhost:3000/script.js/?apinonce=41bf1544a0c8b1ef&v=2,
true,GET,http://localhost:3000/UI/core/view/mode/override?apikey=ZAP,
true,GET,http://localhost:3000/UI/autoupdate/action/setOptionInstallAddonUpdates/override?Boolean=ZAP&apikey=ZAP,
true,GET,http://localhost:3000/UI/graphql/view/optionLenientMaxQueryDepthEnabled/override?apikey=ZAP,
true,GET,http://localhost:3000/script.js/?apinonce=6ef1838787c92d4e&v=2,
true,GET,http://localhost:3000/script.js/?apinonce=dc60754a32934aa5&v=2,
true,GET,http://localhost:3000/script.js/?apinonce=9fc495f74cb91d84&v=2,
true,GET,http://localhost:3000/script.js/?apinonce=fbe0768405ad8bec&v=2,
true,GET,http://localhost:3000/UI/httpSessions/action/addDefaultSessionToken/override?apikey=ZAP&sessionToken=ZAP&tokenEnabled=ZAP,
true,GET,http://localhost:3000/script.js/?apinonce=3bddf145409370b4&v=2,
true,GET,http://localhost:3000/UI/httpSessions/action/addSessionToken/override?apikey=ZAP&sessionToken=ZAP&site=ZAP,
true,GET,http://localhost:3000/UI/autoupdate/action/setOptionInstallScannerRules/override?Boolean=ZAP&apikey=ZAP,
true,GET,http://localhost:3000/UI/exim/other/exportHarById/override?apikey=ZAP&ids=ZAP,
true,GET,http://localhost:3000/UI/httpSessions/action/createEmptySession/override?apikey=ZAP&session=ZAP&site=ZAP,
true,GET,http://localhost:3000/UI/httpSessions/action/removeSession/override?apikey=ZAP&session=ZAP&site=ZAP,
true,GET,http://localhost:3000/UI/ascan/action/enableAllScanners/override?apikey=ZAP&scanPolicyName=ZAP,
true,GET,http://localhost:3000/UI/httpSessions/action/removeDefaultSessionToken/override?apikey=ZAP&sessionToken=ZAP,
true,GET,http://localhost:3000/script.js/?apinonce=75bb8de0901137d8&v=2,
true,GET,http://localhost:3000/script.js/?apinonce=97517eebcbec8c33&v=2,
true,GET,http://localhost:3000/script.js/?apinonce=4801b549fcabe2e&v=2,
true,GET,http://localhost:3000/script.js/?apinonce=82ffbd3c490cf096&v=2,
true,GET,http://localhost:3000/script.js/?apinonce=372c01bd94b2a5c4&v=2,
true,GET,http://localhost:3000/script.js/?apinonce=4438188e23c7bfe5&v=2,
true,GET,http://localhost:3000/script.js/?apinonce=ed3e6cb4b880a081&v=2,
true,GET,http://localhost:3000/script.js/?apinonce=332a418b3e5786&v=2,
true,GET,http://localhost:3000/script.js/?apinonce=e3f72cdbb24dea37&v=2,
true,GET,http://localhost:3000/script.js/?apinonce=ab1c16750a9f9f10&v=2,
true,GET,http://localhost:3000/UI/exim/other/sendHarRequest/override?apikey=ZAP&followRedirects=ZAP&request=ZAP,
true,GET,http://localhost:3000/UI/autoupdate/action/setOptionReportBetaAddons/override?Boolean=ZAP&apikey=ZAP,
true,GET,http://localhost:3000/script.js/?apinonce=d4a91a22b2fc1811&v=2,
true,GET,http://localhost:3000/UI/autoupdate/action/setOptionReportReleaseAddons/override?Boolean=ZAP&apikey=ZAP,
true,GET,http://localhost:3000/UI/autoupdate/action/setOptionReportAlphaAddons/override?Boolean=ZAP&apikey=ZAP,
true,GET,http://localhost:3000/UI/core/view/numberOfMessages/override?apikey=ZAP&baseurl=ZAP,
true,GET,http://localhost:3000/script.js/?apinonce=157ab66646eb03b2&v=2,
true,GET,http://localhost:3000/script.js/?apinonce=f5ef0ebb9103408f&v=2,
true,GET,http://localhost:3000/script.js/?apinonce=99f3de95066a8dfb&v=2,
true,GET,http://localhost:3000/UI/httpSessions/action/removeSessionToken/override?apikey=ZAP&sessionToken=ZAP&site=ZAP,
true,GET,http://localhost:3000/UI/context/action/excludeContextTechnologies/override?apikey=ZAP&contextName=ZAP&technologyNames=ZAP,
true,GET,http://localhost:3000/UI/core/view/optionDefaultUserAgent/override?apikey=ZAP,
true,GET,http://localhost:3000/script.js/?apinonce=592524741f9459e5&v=2,
true,GET,http://localhost:3000/UI/ascan/action/enableScanners/override?apikey=ZAP&ids=ZAP&scanPolicyName=ZAP,
true,GET,http://localhost:3000/UI/core/view/optionAlertOverridesFilePath/override?apikey=ZAP,
true,GET,http://localhost:3000/script.js/?apinonce=bc32eb9987b72b8b&v=2,
true,GET,http://localhost:3000/script.js/?apinonce=34fa69a0e0f631f7&v=2,
true,GET,http://localhost:3000/UI/context/action/excludeFromContext/override?apikey=ZAP&contextName=ZAP&regex=ZAP,
true,GET,http://localhost:3000/UI/graphql/view/optionMaxArgsDepth/override?apikey=ZAP,
true,GET,http://localhost:3000/script.js/?apinonce=c1eeca4f2fc4ce39&v=2,
true,GET,http://localhost:3000/script.js/?apinonce=e38553729869cac2&v=2,
true,GET,http://localhost:3000/script.js/?apinonce=65b9201d282821fe&v=2,
true,GET,http://localhost:3000/script.js/?apinonce=14a84f9d719455f6&v=2,
true,GET,http://localhost:3000/script.js/?apinonce=66a003db25b5ab2&v=2,
true,GET,http://localhost:3000/UI/graphql/view/optionMaxQueryDepth/override?apikey=ZAP,
true,GET,http://localhost:3000/script.js/?apinonce=ced0c800c81df83d&v=2,
true,GET,http://localhost:3000/UI/context/action/exportContext/override?apikey=ZAP&contextFile=ZAP&contextName=ZAP,
true,GET,http://localhost:3000/UI/hud/view/getUiOption/override?apikey=ZAP&key=ZAP,
true,GET,http://localhost:3000/UI/autoupdate/action/uninstallAddon/override?apikey=ZAP&id=ZAP,
true,GET,http://localhost:3000/UI/ascan/action/importScanPolicy/override?apikey=ZAP&path=ZAP,
true,GET,http://localhost:3000/UI/httpSessions/action/renameSession/override?apikey=ZAP&newSessionName=ZAP&oldSessionName=ZAP&site=ZAP,
true,GET,http://localhost:3000/UI/ascan/action/excludeFromScan/override?apikey=ZAP&regex=ZAP,
true,GET,http://localhost:3000/script.js/?apinonce=c52f272904778a51&v=2,
true,GET,http://localhost:3000/UI/core/view/optionDnsTtlSuccessfulQueries/override?apikey=ZAP,
true,GET,http://localhost:3000/script.js/?apinonce=999fdf94d3adc39&v=2,
true,GET,http://localhost:3000/script.js/?apinonce=47919ea298382445&v=2,
true,GET,http://localhost:3000/script.js/?apinonce=e7042fed260dd2bb&v=2,
true,GET,http://localhost:3000/script.js/?apinonce=82132c922d4e3626&v=2,
true,GET,http://localhost:3000/UI/httpSessions/action/setActiveSession/override?apikey=ZAP&session=ZAP&site=ZAP,
true,GET,http://localhost:3000/UI/core/view/optionHttpState/override?apikey=ZAP,
true,GET,http://localhost:3000/UI/httpSessions/action/setDefaultSessionTokenEnabled/override?apikey=ZAP&sessionToken=ZAP&tokenEnabled=ZAP,
true,GET,http://localhost:3000/script.js/?apinonce=43cc60e2cef4d6f5&v=2,
true,GET,http://localhost:3000/UI/ascan/action/pause/override?apikey=ZAP&scanId=ZAP,
true,GET,http://localhost:3000/script.js/?apinonce=a832993ded55e5d2&v=2,
true,GET,http://localhost:3000/script.js/?apinonce=6ad95a70cd7671ef&v=2,
true,GET,http://localhost:3000/UI/context/action/includeContextTechnologies/override?apikey=ZAP&contextName=ZAP&technologyNames=ZAP,
true,GET,http://localhost:3000/UI/hud/view/heartbeat/override?apikey=ZAP,
true,GET,http://localhost:3000/UI/context/action/importContext/override?apikey=ZAP&contextFile=ZAP,
true,GET,http://localhost:3000/UI/ascan/action/modifyExcludedParam/override?apikey=ZAP&idx=ZAP&name=ZAP&type=ZAP&url=https%3A%2F%2Fzap.example.com,
true,GET,http://localhost:3000/script.js/?apinonce=644de05ebfa04ef0&v=2,
true,GET,http://localhost:3000/script.js/?apinonce=7535606537aba7b4&v=2,
true,GET,http://localhost:3000/script.js/?apinonce=10025ce294254475&v=2,
true,GET,http://localhost:3000/script.js/?apinonce=1f606b278aee14b8&v=2,
true,GET,http://localhost:3000/script.js/?apinonce=9162c7d4f733ab69&v=2,
true,GET,http://localhost:3000/script.js/?apinonce=1c4869fd3931a630&v=2,
true,GET,http://localhost:3000/script.js/?apinonce=60caddeee73ca6c2&v=2,
true,GET,http://localhost:3000/script.js/?apinonce=455399ee269af91a&v=2,
true,GET,http://localhost:3000/UI/hud/view/hudAlertData/override?apikey=ZAP&url=https%3A%2F%2Fzap.example.com,
true,GET,http://localhost:3000/UI/graphql/view/optionOptionalArgsEnabled/override?apikey=ZAP,
true,GET,http://localhost:3000/script.js/?apinonce=198dfb8cca25b2a4&v=2,
true,GET,http://localhost:3000/UI/context/action/includeInContext/override?apikey=ZAP&contextName=ZAP&regex=ZAP,
true,GET,http://localhost:3000/UI/context/action/includeAllContextTechnologies/override?apikey=ZAP&contextName=ZAP,
true,GET,http://localhost:3000/UI/httpSessions/action/setSessionTokenValue/override?apikey=ZAP&session=ZAP&sessionToken=ZAP&site=ZAP&tokenValue=ZAP,
true,GET,http://localhost:3000/UI/core/view/optionHttpStateEnabled/override?apikey=ZAP,
true,GET,http://localhost:3000/script.js/?apinonce=23c4ed2ef87f99cd&v=2,
true,GET,http://localhost:3000/script.js/?apinonce=486593a576dfbe4&v=2,
true,GET,http://localhost:3000/UI/ascan/action/pauseAllScans/override?apikey=ZAP,
true,GET,http://localhost:3000/script.js/?apinonce=3faba096258b4353&v=2,
true,GET,http://localhost:3000/script.js/?apinonce=6cc4fbe2b701b8bb&v=2,
true,GET,http://localhost:3000/script.js/?apinonce=d028d2e23824f4fc&v=2,
true,GET,http://localhost:3000/script.js/?apinonce=5255015caa9094f0&v=2,
true,GET,http://localhost:3000/script.js/?apinonce=14fae20a545c319&v=2,
true,GET,http://localhost:3000/UI/core/view/optionMaximumAlertInstances/override?apikey=ZAP,
true,GET,http://localhost:3000/script.js/?apinonce=4479c1347c935c05&v=2,
true,GET,http://localhost:3000/UI/hud/view/optionBaseDirectory/override?apikey=ZAP,
true,GET,http://localhost:3000/script.js/?apinonce=2076d08e60a4db0c&v=2,
true,GET,http://localhost:3000/script.js/?apinonce=77fdafc97f006e61&v=2,
true,GET,http://localhost:3000/UI/httpSessions/action/unsetActiveSession/override?apikey=ZAP&site=ZAP,
true,GET,http://localhost:3000/script.js/?apinonce=33a0bc7adfa54a41&v=2,
true,GET,http://localhost:3000/UI/graphql/view/optionQueryGenEnabled/override?apikey=ZAP,
true,GET,http://localhost:3000/UI/ascan/action/removeAllScans/override?apikey=ZAP,
true,GET,http://localhost:3000/UI/hud/view/optionEnableOnDomainMsgs/override?apikey=ZAP,
true,GET,http://localhost:3000/UI/ascan/action/removeExcludedParam/override?apikey=ZAP&idx=ZAP,
true,GET,http://localhost:3000/UI/hud/view/optionDevelopmentMode/override?apikey=ZAP,
true,GET,http://localhost:3000/script.js/?apinonce=ea37cebd56d34d46&v=2,
true,GET,http://localhost:3000/script.js/?apinonce=f7f82d8b5f993d22&v=2,
true,GET,http://localhost:3000/script.js/?apinonce=3f90957211e2f4ed&v=2,
true,GET,http://localhost:3000/script.js/?apinonce=650010e232993e64&v=2,
true,GET,http://localhost:3000/UI/hud/view/optionAllowUnsafeEval/override?apikey=ZAP,
true,GET,http://localhost:3000/UI/keyboard/other/cheatsheetActionOrder/override?apikey=ZAP&incUnset=ZAP,
true,GET,http://localhost:3000/script.js/?apinonce=16de70b44e478a53&v=2,
true,GET,http://localhost:3000/script.js/?apinonce=b15197185f4002af&v=2,
true,GET,http://localhost:3000/UI/hud/view/optionEnabledForDaemon/override?apikey=ZAP,
true,GET,http://localhost:3000/UI/graphql/view/optionQuerySplitType/override?apikey=ZAP,
true,GET,http://localhost:3000/UI/keyboard/other/cheatsheetKeyOrder/override?apikey=ZAP&incUnset=ZAP,
true,GET,http://localhost:3000/script.js/?apinonce=e5e15fe41c87bc96&v=2,
true,GET,http://localhost:3000/UI/hud/view/optionRemoveCSP/override?apikey=ZAP,
true,GET,http://localhost:3000/UI/hud/view/optionEnabledForDesktop/override?apikey=ZAP,
true,GET,http://localhost:3000/UI/hud/view/optionInScopeOnly/override?apikey=ZAP,
true,GET,http://localhost:3000/UI/hud/view/optionEnableTelemetry/override?apikey=ZAP,
true,GET,http://localhost:3000/script.js/?apinonce=b3706ad0c112445c&v=2,
true,GET,http://localhost:3000/script.js/?apinonce=e69a8eacf621ad60&v=2,
true,GET,http://localhost:3000/script.js/?apinonce=597141942a76d242&v=2,
true,GET,http://localhost:3000/script.js/?apinonce=49ce705edcc088ee&v=2,
true,GET,http://localhost:3000/script.js/?apinonce=631bb29159a689b4&v=2,
true,GET,http://localhost:3000/UI/ascan/action/removeScan/override?apikey=ZAP&scanId=ZAP,
true,GET,http://localhost:3000/script.js/?apinonce=e29b182779229335&v=2,
true,GET,http://localhost:3000/script.js/?apinonce=29e58e7c1e1a553e&v=2,
true,GET,http://localhost:3000/script.js/?apinonce=ac470af6fce0886a&v=2,
true,GET,http://localhost:3000/UI/context/action/newContext/override?apikey=ZAP&contextName=ZAP,
true,GET,http://localhost:3000/script.js/?apinonce=ada53fc313ac46fd&v=2,
true,GET,http://localhost:3000/script.js/?apinonce=874139bb3ae69917&v=2,
true,GET,http://localhost:3000/UI/network/view/getAliases/override?apikey=ZAP,
true,GET,http://localhost:3000/UI/graphql/action/importUrl/override?apikey=ZAP&endurl=ZAP&url=https%3A%2F%2Fzap.example.com,
true,GET,http://localhost:3000/UI/hud/view/optionShowWelcomeScreen/override?apikey=ZAP,
true,GET,http://localhost:3000/UI/graphql/action/importFile/override?apikey=ZAP&endurl=ZAP&file=ZAP,
true,GET,http://localhost:3000/script.js/?apinonce=3cb9626e397f2567&v=2,
true,GET,http://localhost:3000/UI/core/view/optionMergeRelatedAlerts/override?apikey=ZAP,
true,GET,http://localhost:3000/UI/core/view/optionProxyChainPrompt/override?apikey=ZAP,
true,GET,http://localhost:3000/UI/core/view/optionProxyChainName/override?apikey=ZAP,
true,GET,http://localhost:3000/script.js/?apinonce=ae731cbecc1fd4bf&v=2,
true,GET,http://localhost:3000/UI/graphql/view/optionRequestMethod/override?apikey=ZAP,
true,GET,http://localhost:3000/script.js/?apinonce=3ef360ce7ec381d8&v=2,
true,GET,http://localhost:3000/script.js/?apinonce=80d168bb1349d196&v=2,
true,GET,http://localhost:3000/UI/core/view/optionProxyChainPort/override?apikey=ZAP,
true,GET,http://localhost:3000/UI/graphql/action/setOptionArgsType/override?String=ZAP&apikey=ZAP,
true,GET,http://localhost:3000/script.js/?apinonce=f2c40657eeeeb90c&v=2,
true,GET,http://localhost:3000/script.js/?apinonce=957e231cfc832d64&v=2,
true,GET,http://localhost:3000/UI/context/action/removeContext/override?apikey=ZAP&contextName=ZAP,
true,GET,http://localhost:3000/script.js/?apinonce=b0c30a37c2178cae&v=2,
true,GET,http://localhost:3000/script.js/?apinonce=2d4dcb79264f5f91&v=2,
true,GET,http://localhost:3000/script.js/?apinonce=a75e829a500f6ec6&v=2,
true,GET,http://localhost:3000/script.js/?apinonce=5702b25fc6c8ea9a&v=2,
true,GET,http://localhost:3000/UI/context/action/setContextCheckingStrategy/override?apikey=ZAP&checkingStrategy=ZAP&contextName=ZAP&pollData=ZAP&pollFrequency=ZAP&pollFrequencyUnits=ZAP&pollHeaders=ZAP&pollUrl=ZAP,
true,GET,http://localhost:3000/script.js/?apinonce=4476b74cbca4626c&v=2,
true,GET,http://localhost:3000/UI/core/view/optionProxyChainPassword/override?apikey=ZAP,
true,GET,http://localhost:3000/script.js/?apinonce=cf3f431612a5587f&v=2,
true,GET,http://localhost:3000/UI/graphql/action/setOptionLenientMaxQueryDepthEnabled/override?Boolean=ZAP&apikey=ZAP,
true,GET,http://localhost:3000/script.js/?apinonce=d856de3466761b79&v=2,
true,GET,http://localhost:3000/script.js/?apinonce=b42883090224e35f&v=2,
true,GET,http://localhost:3000/script.js/?apinonce=8a2af1af213f4d35&v=2,
true,GET,http://localhost:3000/UI/ascan/action/resume/override?apikey=ZAP&scanId=ZAP,
true,GET,http://localhost:3000/UI/hud/view/optionTutorialTasksDone/override?apikey=ZAP,
true,GET,http://localhost:3000/UI/graphql/action/setOptionMaxAdditionalQueryDepth/override?Integer=ZAP&apikey=ZAP,
true,GET,http://localhost:3000/script.js/?apinonce=2c540a49882a3cb&v=2,
true,GET,http://localhost:3000/UI/context/action/setContextInScope/override?apikey=ZAP&booleanInScope=ZAP&contextName=ZAP,
true,GET,http://localhost:3000/UI/network/view/getConnectionTimeout/override?apikey=ZAP,
true,GET,http://localhost:3000/script.js/?apinonce=888308e9744a15e1&v=2,
true,GET,http://localhost:3000/UI/hud/view/optionTutorialTestMode/override?apikey=ZAP,
true,GET,http://localhost:3000/UI/ascan/action/removeScanPolicy/override?apikey=ZAP&scanPolicyName=ZAP,
true,GET,http://localhost:3000/UI/graphql/action/setOptionMaxArgsDepth/override?Integer=ZAP&apikey=ZAP,
true,GET,http://localhost:3000/script.js/?apinonce=c6d63908fa6e6ea3&v=2,
true,GET,http://localhost:3000/script.js/?apinonce=c0b13c2c92e23067&v=2,
true,GET,http://localhost:3000/script.js/?apinonce=4e03079f5caaa5a&v=2,
true,GET,http://localhost:3000/script.js/?apinonce=934faed4059be337&v=2,
true,GET,http://localhost:3000/UI/hud/action/resetTutorialTasks/override?apikey=ZAP,
true,GET,http://localhost:3000/UI/context/action/setContextRegexs/override?apikey=ZAP&contextName=ZAP&excRegexs=ZAP&incRegexs=ZAP,
true,GET,http://localhost:3000/script.js/?apinonce=a583e0454c6f21bf&v=2,
true,GET,http://localhost:3000/UI/hud/view/optionSkipTutorialTasks/override?apikey=ZAP,
true,GET,http://localhost:3000/script.js/?apinonce=26ef1d4742d4f124&v=2,
true,GET,http://localhost:3000/UI/hud/action/recordRequest/override?apikey=ZAP&body=ZAP&header=ZAP,
true,GET,http://localhost:3000/script.js/?apinonce=f4f90e2cda275d81&v=2,
true,GET,http://localhost:3000/script.js/?apinonce=eed7cadfa54ce364&v=2,
true,GET,http://localhost:3000/UI/hud/view/optionTutorialHost/override?apikey=ZAP,
true,GET,http://localhost:3000/script.js/?apinonce=3a9bbb148ea6baa4&v=2,
true,GET,http://localhost:3000/script.js/?apinonce=85794c616321bcf3&v=2,
true,GET,http://localhost:3000/UI/hud/view/tutorialUpdates/override?apikey=ZAP,
true,GET,http://localhost:3000/script.js/?apinonce=13698535c511b010&v=2,
true,GET,http://localhost:3000/UI/hud/view/upgradedDomains/override?apikey=ZAP,
true,GET,http://localhost:3000/script.js/?apinonce=bfb97f7394276c0e&v=2,
true,GET,http://localhost:3000/script.js/?apinonce=7000aa5e0673eda8&v=2,
true,GET,http://localhost:3000/script.js/?apinonce=cd2ca14d5028ba87&v=2,
true,GET,http://localhost:3000/UI/graphql/action/setOptionOptionalArgsEnabled/override?Boolean=ZAP&apikey=ZAP,
true,GET,http://localhost:3000/script.js/?apinonce=89115869eb90eba3&v=2,
true,GET,http://localhost:3000/UI/core/view/optionProxyChainRealm/override?apikey=ZAP,
true,GET,http://localhost:3000/UI/network/view/getDefaultUserAgent/override?apikey=ZAP,
true,GET,http://localhost:3000/UI/hud/action/log/override?apikey=ZAP&record=ZAP,
true,GET,http://localhost:3000/UI/hud/action/setOptionBaseDirectory/override?String=ZAP&apikey=ZAP,
true,GET,http://localhost:3000/UI/hud/view/optionTutorialPort/override?apikey=ZAP,
true,GET,http://localhost:3000/script.js/?apinonce=3711c84d7fa6304f&v=2,
true,GET,http://localhost:3000/script.js/?apinonce=e296b1349cc9cc74&v=2,
true,GET,http://localhost:3000/UI/core/view/optionProxyChainSkipName/override?apikey=ZAP,
true,GET,http://localhost:3000/UI/graphql/action/setOptionMaxQueryDepth/override?Integer=ZAP&apikey=ZAP,
true,GET,http://localhost:3000/UI/hud/view/optionTutorialUpdates/override?apikey=ZAP,
true,GET,http://localhost:3000/UI/localProxies/view/additionalProxies/override?apikey=ZAP,
true,GET,http://localhost:3000/UI/ascan/action/resumeAllScans/override?apikey=ZAP,
true,GET,http://localhost:3000/script.js/?apinonce=d6c876ff44a2e90e&v=2,
true,GET,http://localhost:3000/script.js/?apinonce=b1dc9c8cccb1dfcc&v=2,
true,GET,http://localhost:3000/script.js/?apinonce=a1818790c0a7ccc&v=2,
true,GET,http://localhost:3000/script.js/?apinonce=deac77a41c6abe51&v=2,
true,GET,http://localhost:3000/script.js/?apinonce=85ea95c66a783057&v=2,
true,GET,http://localhost:3000/UI/localProxies/action/addAdditionalProxy/override?address=688+Zaproxy+Ridge&alwaysDecodeZip=ZAP&apikey=ZAP&behindNat=ZAP&port=ZAP&removeUnsupportedEncodings=ZAP,
true,GET,http://localhost:3000/script.js/?apinonce=dcd8f3581563a17c&v=2,
true,GET,http://localhost:3000/script.js/?apinonce=42adced8d1a9d6d3&v=2,
true,GET,http://localhost:3000/script.js/?apinonce=bb52c2065ef85d94&v=2,
true,GET,http://localhost:3000/script.js/?apinonce=18ce1fb35bf87e7e&v=2,
true,GET,http://localhost:3000/script.js/?apinonce=9e943df5cf2097a5&v=2,
true,GET,http://localhost:3000/UI/core/view/optionProxyChainUserName/override?apikey=ZAP,
true,GET,http://localhost:3000/UI/hud/action/setOptionDevelopmentMode/override?Boolean=ZAP&apikey=ZAP,
true,GET,http://localhost:3000/UI/hud/action/setOptionEnableOnDomainMsgs/override?Boolean=ZAP&apikey=ZAP,
true,GET,http://localhost:3000/script.js/?apinonce=9b8b1358d20105ce&v=2,
true,GET,http://localhost:3000/script.js/?apinonce=f8ff12f0c332616&v=2,
true,GET,http://localhost:3000/script.js/?apinonce=b027a69f7be96676&v=2,
true,GET,http://localhost:3000/UI/network/view/getDnsTtlSuccessfulQueries/override?apikey=ZAP,
true,GET,http://localhost:3000/script.js/?apinonce=c6c804bb351ee575&v=2,
true,GET,http://localhost:3000/script.js/?apinonce=519b15f88db8db67&v=2,
true,GET,http://localhost:3000/script.js/?apinonce=53442d9e43eabfe8&v=2,
true,GET,http://localhost:3000/script.js/?apinonce=5eab250956cf122a&v=2,
true,GET,http://localhost:3000/UI/graphql/action/setOptionQuerySplitType/override?String=ZAP&apikey=ZAP,
true,GET,http://localhost:3000/UI/graphql/action/setOptionRequestMethod/override?String=ZAP&apikey=ZAP,
true,GET,http://localhost:3000/UI/ascan/action/scanAsUser/override?apikey=ZAP&contextId=ZAP&method=ZAP&postData=ZAP&recurse=ZAP&scanPolicyName=ZAP&url=https%3A%2F%2Fzap.example.com&userId=ZAP,
true,GET,http://localhost:3000/UI/ascan/action/scan/override?apikey=ZAP&contextId=ZAP&inScopeOnly=ZAP&method=ZAP&postData=ZAP&recurse=ZAP&scanPolicyName=ZAP&url=https%3A%2F%2Fzap.example.com,
true,GET,http://localhost:3000/script.js/?apinonce=45c69d273c3dcf30&v=2,
true,GET,http://localhost:3000/script.js/?apinonce=1cdee7b49e9fa197&v=2,
true,GET,http://localhost:3000/script.js/?apinonce=21330244702bbac2&v=2,
true,GET,http://localhost:3000/UI/graphql/action/setOptionQueryGenEnabled/override?Boolean=ZAP&apikey=ZAP,
true,GET,http://localhost:3000/UI/openapi/action/importFile/override?apikey=ZAP&contextId=ZAP&file=ZAP&target=ZAP&userId=ZAP,
true,GET,http://localhost:3000/UI/localProxies/action/removeAdditionalProxy/override?address=688+Zaproxy+Ridge&apikey=ZAP&port=ZAP,
true,GET,http://localhost:3000/UI/network/view/getHttpProxy/override?apikey=ZAP,
true,GET,http://localhost:3000/script.js/?apinonce=343ac1d2baf16ad5&v=2,
true,GET,http://localhost:3000/script.js/?apinonce=6ea62239f1adc0ba&v=2,
true,GET,http://localhost:3000/script.js/?apinonce=42d0388c01a6cc38&v=2,
true,GET,http://localhost:3000/UI/core/view/optionProxyExcludedDomains/override?apikey=ZAP,
true,GET,http://localhost:3000/script.js/?apinonce=46c93dfd2aade632&v=2,
true,GET,http://localhost:3000/script.js/?apinonce=6a72b282c3f5fe93&v=2,
true,GET,http://localhost:3000/script.js/?apinonce=a30e1df30e372b61&v=2,
true,GET,http://localhost:3000/script.js/?apinonce=2bd7fcdc4fc22a6b&v=2,
true,GET,http://localhost:3000/script.js/?apinonce=1ad16cd6cd7a70bc&v=2,
true,GET,http://localhost:3000/script.js/?apinonce=16ffb5d96b3b0a07&v=2,
true,GET,http://localhost:3000/UI/network/view/getLocalServers/override?apikey=ZAP,
true,GET,http://localhost:3000/UI/network/view/getHttpProxyExclusions/override?apikey=ZAP,
true,GET,http://localhost:3000/UI/network/view/getPassThroughs/override?apikey=ZAP,
true,GET,http://localhost:3000/UI/openapi/action/importUrl/override?apikey=ZAP&contextId=ZAP&hostOverride=ZAP&url=https%3A%2F%2Fzap.example.com&userId=ZAP,
true,GET,http://localhost:3000/script.js/?apinonce=abab4531b0d0fd9e&v=2,
true,GET,http://localhost:3000/UI/hud/action/setOptionEnabledForDaemon/override?Boolean=ZAP&apikey=ZAP,
true,GET,http://localhost:3000/script.js/?apinonce=225247304487f896&v=2,
true,GET,http://localhost:3000/UI/ascan/action/setEnabledPolicies/override?apikey=ZAP&ids=ZAP&scanPolicyName=ZAP,
true,GET,http://localhost:3000/script.js/?apinonce=778b874d10052dd4&v=2,
true,GET,http://localhost:3000/UI/hud/action/setOptionEnabledForDesktop/override?Boolean=ZAP&apikey=ZAP,
true,GET,http://localhost:3000/script.js/?apinonce=c4ba71aee1d9a2fb&v=2,
true,GET,http://localhost:3000/script.js/?apinonce=d52e6bb85c09c63c&v=2,
true,GET,http://localhost:3000/script.js/?apinonce=e8115356ffb5e32c&v=2,
true,GET,http://localhost:3000/script.js/?apinonce=879aeb28f3c9006b&v=2,
true,GET,http://localhost:3000/script.js/?apinonce=9fedee647d449cbc&v=2,
true,GET,http://localhost:3000/script.js/?apinonce=d668dd22f2e715a9&v=2,
true,GET,http://localhost:3000/script.js/?apinonce=dac381dd755dac08&v=2,
true,GET,http://localhost:3000/script.js/?apinonce=a5ce430fd62c085b&v=2,
true,GET,http://localhost:3000/UI/ascan/action/setOptionAllowAttackOnStart/override?Boolean=ZAP&apikey=ZAP,
true,GET,http://localhost:3000/script.js/?apinonce=be303ff0b414531a&v=2,
true,GET,http://localhost:3000/script.js/?apinonce=4f2cf3d74aeff9c8&v=2,
true,GET,http://localhost:3000/script.js/?apinonce=c8b9a8811ec093ca&v=2,
true,GET,http://localhost:3000/UI/oast/view/getActiveScanService/override?apikey=ZAP,
true,GET,http://localhost:3000/script.js/?apinonce=ce1a306752717da5&v=2,
true,GET,http://localhost:3000/UI/oast/view/getBoastOptions/override?apikey=ZAP,
true,GET,http://localhost:3000/UI/core/view/optionSingleCookieRequestHeader/override?apikey=ZAP,
true,GET,http://localhost:3000/UI/core/view/optionUseProxyChain/override?apikey=ZAP,
true,GET,http://localhost:3000/script.js/?apinonce=1b9eb0f2c7c0e8b6&v=2,
true,GET,http://localhost:3000/script.js/?apinonce=f1a96b499e2011ff&v=2,
true,GET,http://localhost:3000/script.js/?apinonce=8a5f40e3f46050f2&v=2,
true,GET,http://localhost:3000/script.js/?apinonce=7e3eaed4d7896280&v=2,
true,GET,http://localhost:3000/script.js/?apinonce=9093b0acbe4d1d51&v=2,
true,GET,http://localhost:3000/script.js/?apinonce=e1ad81527e74ea66&v=2,
true,GET,http://localhost:3000/script.js/?apinonce=7bffe8d5ba3a8a09&v=2,
true,GET,http://localhost:3000/UI/core/view/optionProxyExcludedDomainsEnabled/override?apikey=ZAP,
true,GET,http://localhost:3000/UI/core/view/optionTimeoutInSecs/override?apikey=ZAP,
true,GET,http://localhost:3000/UI/ascan/action/setOptionAddQueryParam/override?Boolean=ZAP&apikey=ZAP,
true,GET,http://localhost:3000/UI/hud/action/setOptionInScopeOnly/override?Boolean=ZAP&apikey=ZAP,
true,GET,http://localhost:3000/UI/oast/view/getCallbackOptions/override?apikey=ZAP,
true,GET,http://localhost:3000/UI/ascan/action/setOptionDelayInMs/override?Integer=ZAP&apikey=ZAP,
true,GET,http://localhost:3000/UI/ascan/action/setOptionAttackPolicy/override?String=ZAP&apikey=ZAP,
true,GET,http://localhost:3000/script.js/?apinonce=2778ebc6f4f75e40&v=2,
true,GET,http://localhost:3000/script.js/?apinonce=aca45eb796eeedcd&v=2,
true,GET,http://localhost:3000/UI/network/view/getRateLimitRules/override?apikey=ZAP,
true,GET,http://localhost:3000/UI/hud/action/setOptionRemoveCSP/override?Boolean=ZAP&apikey=ZAP,
true,GET,http://localhost:3000/UI/core/view/optionUseProxyChainAuth/override?apikey=ZAP,
true,GET,http://localhost:3000/UI/ascan/action/setOptionDefaultPolicy/override?String=ZAP&apikey=ZAP,
true,GET,http://localhost:3000/UI/oast/view/getDaysToKeepRecords/override?apikey=ZAP,
true,GET,http://localhost:3000/script.js/?apinonce=e2b9541d03dba372&v=2,
true,GET,http://localhost:3000/UI/hud/action/setOptionSkipTutorialTasks/override?Boolean=ZAP&apikey=ZAP,
true,GET,http://localhost:3000/script.js/?apinonce=364e5fd1bd48583f&v=2,
true,GET,http://localhost:3000/script.js/?apinonce=ec97c9930868c76b&v=2,
true,GET,http://localhost:3000/script.js/?apinonce=e6939bb608134a11&v=2,
true,GET,http://localhost:3000/script.js/?apinonce=30767231ff04fc30&v=2,
true,GET,http://localhost:3000/UI/network/view/getRootCaCertValidity/override?apikey=ZAP,
true,GET,http://localhost:3000/script.js/?apinonce=137c7e51e61e27dd&v=2,
true,GET,http://localhost:3000/script.js/?apinonce=1cafecfc7778f72f&v=2,
true,GET,http://localhost:3000/script.js/?apinonce=4e23e4abbf8c96c1&v=2,
true,GET,http://localhost:3000/script.js/?apinonce=e78ad605d4dd1820&v=2,
true,GET,http://localhost:3000/script.js/?apinonce=424b8668f1447351&v=2,
true,GET,http://localhost:3000/script.js/?apinonce=cd9279a684dc96d1&v=2,
true,GET,http://localhost:3000/UI/network/view/getServerCertValidity/override?apikey=ZAP,
true,GET,http://localhost:3000/script.js/?apinonce=f8a9d38fa70d0867&v=2,
true,GET,http://localhost:3000/UI/params/view/params/override?apikey=ZAP&site=ZAP,
true,GET,http://localhost:3000/UI/postman/action/importFile/override?apikey=ZAP&file=ZAP,
true,GET,http://localhost:3000/UI/oast/view/getInteractshOptions/override?apikey=ZAP,
true,GET,http://localhost:3000/UI/core/view/optionUseSocksProxy/override?apikey=ZAP,
true,GET,http://localhost:3000/UI/ascan/action/setOptionEncodeCookieValues/override?Boolean=ZAP&apikey=ZAP,
true,GET,http://localhost:3000/script.js/?apinonce=8bb75fba14d432e9&v=2,
true,GET,http://localhost:3000/script.js/?apinonce=e07679085e0fbe7c&v=2,
true,GET,http://localhost:3000/script.js/?apinonce=d205f1fbea477d44&v=2,
true,GET,http://localhost:3000/UI/hud/action/setOptionShowWelcomeScreen/override?Boolean=ZAP&apikey=ZAP,
true,GET,http://localhost:3000/UI/oast/view/getServices/override?apikey=ZAP,
true,GET,http://localhost:3000/script.js/?apinonce=170cb9427617ad1f&v=2,
true,GET,http://localhost:3000/UI/postman/action/importUrl/override?apikey=ZAP&url=https%3A%2F%2Fzap.example.com,
true,GET,http://localhost:3000/UI/core/view/proxyChainExcludedDomains/override?apikey=ZAP,
true,GET,http://localhost:3000/UI/hud/action/setOptionTutorialTaskDone/override?String=ZAP&apikey=ZAP,
true,GET,http://localhost:3000/script.js/?apinonce=29b2b600c735e8a&v=2,
true,GET,http://localhost:3000/UI/hud/action/setOptionTutorialTestMode/override?Boolean=ZAP&apikey=ZAP,
true,GET,http://localhost:3000/script.js/?apinonce=586e2ceedbd6dacd&v=2,
true,GET,http://localhost:3000/UI/network/view/getSocksProxy/override?apikey=ZAP,
true,GET,http://localhost:3000/UI/oast/action/setActiveScanService/override?apikey=ZAP&name=ZAP,
true,GET,http://localhost:3000/script.js/?apinonce=51777ee624ab039c&v=2,
true,GET,http://localhost:3000/script.js/?apinonce=eb0f7b6b771c2f1d&v=2,
true,GET,http://localhost:3000/script.js/?apinonce=ee9953912901c6c5&v=2,
true,GET,http://localhost:3000/script.js/?apinonce=cda7212a592ffa5a&v=2,
true,GET,http://localhost:3000/script.js/?apinonce=e3c416876beb4e30&v=2,
true,GET,http://localhost:3000/script.js/?apinonce=5c8e442061718f2d&v=2,
true,GET,http://localhost:3000/UI/core/view/sites/override?apikey=ZAP,
true,GET,http://localhost:3000/script.js/?apinonce=d03a7f34fcdc1a32&v=2,
true,GET,http://localhost:3000/UI/oast/action/setBoastOptions/override?apikey=ZAP&pollInSecs=ZAP&server=ZAP,
true,GET,http://localhost:3000/script.js/?apinonce=bfed84386b23b29a&v=2,
true,GET,http://localhost:3000/script.js/?apinonce=79f300ca80ed7835&v=2,
true,GET,http://localhost:3000/UI/core/view/sessionLocation/override?apikey=ZAP,
true,GET,http://localhost:3000/UI/hud/other/changesInHtml/override?apikey=ZAP,
true,GET,http://localhost:3000/UI/ascan/action/setOptionHandleAntiCSRFTokens/override?Boolean=ZAP&apikey=ZAP,
true,GET,http://localhost:3000/script.js/?apinonce=b8d36bf6c9e7ab4d&v=2,
true,GET,http://localhost:3000/script.js/?apinonce=6a4931e923ec1175&v=2,
true,GET,http://localhost:3000/UI/hud/action/setUiOption/override?apikey=ZAP&key=ZAP&value=ZAP,
true,GET,http://localhost:3000/script.js/?apinonce=798bfda32194ce55&v=2,
true,GET,http://localhost:3000/script.js/?apinonce=a408b7ca6c8d7ce8&v=2,
true,GET,http://localhost:3000/UI/network/view/isHttpProxyAuthEnabled/override?apikey=ZAP,
true,GET,http://localhost:3000/script.js/?apinonce=e7fa7dfd6d73a6fe&v=2,
true,GET,http://localhost:3000/UI/network/view/isSocksProxyEnabled/override?apikey=ZAP,
true,GET,http://localhost:3000/UI/ascan/action/setOptionHostPerScan/override?Integer=ZAP&apikey=ZAP,
true,GET,http://localhost:3000/script.js/?apinonce=fcc289d6c358d778&v=2,
true,GET,http://localhost:3000/UI/core/view/urls/override?apikey=ZAP&baseurl=ZAP,
true,GET,http://localhost:3000/script.js/?apinonce=f43a7b12362e246d&v=2,
true,GET,http://localhost:3000/UI/core/view/version/override?apikey=ZAP,
true,GET,http://localhost:3000/UI/oast/action/setCallbackOptions/override?apikey=ZAP&localAddress=ZAP&port=ZAP&remoteAddress=ZAP,
true,GET,http://localhost:3000/script.js/?apinonce=b6b4da5d03f47aa2&v=2,
true,GET,http://localhost:3000/script.js/?apinonce=e0f7bea14f23b323&v=2,
true,GET,http://localhost:3000/script.js/?apinonce=8181fd961032e775&v=2,
true,GET,http://localhost:3000/script.js/?apinonce=68b221d0441ab938&v=2,
true,GET,http://localhost:3000/UI/network/view/isHttpProxyEnabled/override?apikey=ZAP,
true,GET,http://localhost:3000/script.js/?apinonce=99ba9b40e4058ea9&v=2,
true,GET,http://localhost:3000/UI/core/view/zapHomePath/override?apikey=ZAP,
true,GET,http://localhost:3000/script.js/?apinonce=82752401fbc487ed&v=2,
true,GET,http://localhost:3000/script.js/?apinonce=16c5e94f9a03618c&v=2,
true,GET,http://localhost:3000/script.js/?apinonce=40a5171a18e6b832&v=2,
true,GET,http://localhost:3000/UI/core/action/accessUrl/override?apikey=ZAP&followRedirects=ZAP&url=https%3A%2F%2Fzap.example.com,
true,GET,http://localhost:3000/script.js/?apinonce=a8649b961a068d82&v=2,
true,GET,http://localhost:3000/UI/network/view/isUseGlobalHttpState/override?apikey=ZAP,
true,GET,http://localhost:3000/UI/oast/action/setInteractshOptions/override?apikey=ZAP&authToken=ZAP&pollInSecs=ZAP&server=ZAP,
true,GET,http://localhost:3000/UI/quickstartlaunch/other/startPage/override?apikey=ZAP,
true,GET,http://localhost:3000/UI/ascan/action/setOptionMaxAlertsPerRule/override?Integer=ZAP&apikey=ZAP,
true,GET,http://localhost:3000/script.js/?apinonce=3c1f6705ee30b67a&v=2,
true,GET,http://localhost:3000/script.js/?apinonce=d9ba64f6ac684b2d&v=2,
true,GET,http://localhost:3000/script.js/?apinonce=ac8dfe72a0eec32a&v=2,
true,GET,http://localhost:3000/script.js/?apinonce=ee431f1f858b19a0&v=2,
true,GET,http://localhost:3000/UI/oast/action/setDaysToKeepRecords/override?apikey=ZAP&days=ZAP,
true,GET,http://localhost:3000/UI/network/action/addHttpProxyExclusion/override?apikey=ZAP&enabled=ZAP&host=ZAP,
true,GET,http://localhost:3000/script.js/?apinonce=fa04c8f4d1c86841&v=2,
true,GET,http://localhost:3000/script.js/?apinonce=f8fe67f5b657e75&v=2,
true,GET,http://localhost:3000/script.js/?apinonce=313d9ce574fb5af7&v=2,
true,GET,http://localhost:3000/script.js/?apinonce=ada1f12756a3f68f&v=2,
true,GET,http://localhost:3000/UI/replacer/action/addRule/override?apikey=ZAP&description=Zaproxy+alias+impedit+expedita+quisquam+pariatur+exercitationem.+Nemo+rerum+eveniet+dolores+rem+quia+dignissimos.&enabled=ZAP&initiators=ZAP&matchRegex=ZAP&matchString=ZAP&matchType=ZAP&replacement=ZAP&url=https%3A%2F%2Fzap.example.com,
true,GET,http://localhost:3000/script.js/?apinonce=39c5d027c5020751&v=2,
true,GET,http://localhost:3000/script.js/?apinonce=f6e67a86e9c20d04&v=2,
true,GET,http://localhost:3000/UI/ascan/action/setOptionInjectPluginIdInHeader/override?Boolean=ZAP&apikey=ZAP,
true,GET,http://localhost:3000/UI/core/action/addProxyChainExcludedDomain/override?apikey=ZAP&isEnabled=ZAP&isRegex=ZAP&value=ZAP,
true,GET,http://localhost:3000/UI/ascan/action/setOptionMaxRuleDurationInMins/override?Integer=ZAP&apikey=ZAP,
true,GET,http://localhost:3000/script.js/?apinonce=860515e07de76a04&v=2,
true,GET,http://localhost:3000/UI/ascan/action/setOptionMaxResultsToList/override?Integer=ZAP&apikey=ZAP,
true,GET,http://localhost:3000/script.js/?apinonce=fb94f16fa7b95d92&v=2,
true,GET,http://localhost:3000/UI/core/action/clearExcludedFromProxy/override?apikey=ZAP,
true,GET,http://localhost:3000/script.js/?apinonce=d3855a35c7436d04&v=2,
true,GET,http://localhost:3000/UI/ascan/action/setOptionMaxChartTimeInMins/override?Integer=ZAP&apikey=ZAP,
true,GET,http://localhost:3000/script.js/?apinonce=e1c810f87803ccdc&v=2,
true,GET,http://localhost:3000/script.js/?apinonce=4843d4e22a9e80b&v=2,
true,GET,http://localhost:3000/script.js/?apinonce=e00fdcb89a6e8d88&v=2,
true,GET,http://localhost:3000/UI/core/action/createSbomZip/override?apikey=ZAP&filePath=ZAP,
true,GET,http://localhost:3000/script.js/?apinonce=92da9fea58a9aa1c&v=2,
true,GET,http://localhost:3000/UI/replacer/view/rules/override?apikey=ZAP,
true,GET,http://localhost:3000/script.js/?apinonce=ab97e301c4082ba3&v=2,
true,GET,http://localhost:3000/script.js/?apinonce=a36b59ab0890f301&v=2,
true,GET,http://localhost:3000/script.js/?apinonce=9fd49f5fc9b5adfa&v=2,
true,GET,http://localhost:3000/script.js/?apinonce=d523e1dae551d6f3&v=2,
true,GET,http://localhost:3000/UI/pscan/view/currentRule/override?apikey=ZAP,
true,GET,http://localhost:3000/UI/replacer/action/removeRule/override?apikey=ZAP&description=Zaproxy+alias+impedit+expedita+quisquam+pariatur+exercitationem.+Nemo+rerum+eveniet+dolores+rem+quia+dignissimos.,
true,GET,http://localhost:3000/UI/reveal/view/reveal/override?apikey=ZAP,
true,GET,http://localhost:3000/UI/core/action/deleteAlert/override?apikey=ZAP&id=ZAP,
true,GET,http://localhost:3000/script.js/?apinonce=b79a987fe0ecc453&v=2,
true,GET,http://localhost:3000/UI/ascan/action/setOptionMaxScanDurationInMins/override?Integer=ZAP&apikey=ZAP,
true,GET,http://localhost:3000/UI/network/action/addAlias/override?apikey=ZAP&enabled=ZAP&name=ZAP,
true,GET,http://localhost:3000/script.js/?apinonce=4260f237f780917&v=2,
true,GET,http://localhost:3000/script.js/?apinonce=6481fae9cfde6615&v=2,
true,GET,http://localhost:3000/script.js/?apinonce=debf9957bddb1313&v=2,
true,GET,http://localhost:3000/script.js/?apinonce=960fdcd7f480a588&v=2,
true,GET,http://localhost:3000/script.js/?apinonce=bbfeb513376fc5da&v=2,
true,GET,http://localhost:3000/script.js/?apinonce=9727c3a3054e8879&v=2,
true,GET,http://localhost:3000/script.js/?apinonce=55b24291b716a1f3&v=2,
true,GET,http://localhost:3000/script.js/?apinonce=cd026808f368c3ad&v=2,
true,GET,http://localhost:3000/UI/retest/action/retest/override?alertIds=ZAP&apikey=ZAP,
true,GET,http://localhost:3000/script.js/?apinonce=a5a3f93789f3510&v=2,
true,GET,http://localhost:3000/UI/script/view/globalCustomVar/override?apikey=ZAP&varKey=ZAP,
true,GET,http://localhost:3000/UI/reveal/action/setReveal/override?apikey=ZAP&reveal=ZAP,
true,GET,http://localhost:3000/UI/selenium/view/getBrowserArguments/override?apikey=ZAP&browser=ZAP,
true,GET,http://localhost:3000/UI/ruleConfig/view/allRuleConfigs/override?apikey=ZAP,
true,GET,http://localhost:3000/script.js/?apinonce=23a6d803f0dbc519&v=2,
true,GET,http://localhost:3000/UI/network/action/addLocalServer/override?address=688+Zaproxy+Ridge&api=ZAP&apikey=ZAP&behindNat=ZAP&decodeResponse=ZAP&port=ZAP&proxy=ZAP&removeAcceptEncoding=ZAP,
true,GET,http://localhost:3000/script.js/?apinonce=d43041bbb45c97f0&v=2,
true,GET,http://localhost:3000/script.js/?apinonce=6927e0f427aa4e54&v=2,
true,GET,http://localhost:3000/UI/replacer/action/setEnabled/override?apikey=ZAP&bool=ZAP&description=Zaproxy+alias+impedit+expedita+quisquam+pariatur+exercitationem.+Nemo+rerum+eveniet+dolores+rem+quia+dignissimos.,
true,GET,http://localhost:3000/UI/script/view/globalCustomVars/override?apikey=ZAP,
true,GET,http://localhost:3000/UI/search/view/messagesByHeaderRegex/override?apikey=ZAP&baseurl=ZAP&count=3&regex=ZAP&start=ZAP,
true,GET,http://localhost:3000/UI/network/action/addPassThrough/override?apikey=ZAP&authority=ZAP&enabled=ZAP,
true,GET,http://localhost:3000/UI/ruleConfig/view/ruleConfigValue/override?apikey=ZAP&key=ZAP,
true,GET,http://localhost:3000/script.js/?apinonce=7974e8dc266eda55&v=2,
true,GET,http://localhost:3000/script.js/?apinonce=bf1cd4a14d3be285&v=2,
true,GET,http://localhost:3000/script.js/?apinonce=f8e3c5fcb5e71ea8&v=2,
true,GET,http://localhost:3000/UI/ruleConfig/action/resetRuleConfigValue/override?apikey=ZAP&key=ZAP,
true,GET,http://localhost:3000/script.js/?apinonce=9769046ddd433a29&v=2,
true,GET,http://localhost:3000/script.js/?apinonce=63eed3fa4397c7f4&v=2,
true,GET,http://localhost:3000/script.js/?apinonce=2eb904fae026bc82&v=2,
true,GET,http://localhost:3000/script.js/?apinonce=1f3650ea640e2709&v=2,
true,GET,http://localhost:3000/script.js/?apinonce=f9bb4daa2a487a44&v=2,
true,GET,http://localhost:3000/script.js/?apinonce=491d87a9707b81ce&v=2,
true,GET,http://localhost:3000/script.js/?apinonce=c5ce9cb43fa4aa16&v=2,
true,GET,http://localhost:3000/UI/core/action/deleteAllAlerts/override?apikey=ZAP,
true,GET,http://localhost:3000/UI/ascan/action/setOptionMaxScansInUI/override?Integer=ZAP&apikey=ZAP,
true,GET,http://localhost:3000/UI/search/view/messagesByResponseRegex/override?apikey=ZAP&baseurl=ZAP&count=3&regex=ZAP&start=ZAP,
true,GET,http://localhost:3000/script.js/?apinonce=b4ca3e4258e31ba7&v=2,
true,GET,http://localhost:3000/UI/search/view/messagesByNoteRegex/override?apikey=ZAP&baseurl=ZAP&count=3&regex=ZAP&start=ZAP,
true,GET,http://localhost:3000/script.js/?apinonce=d92ab803fd8c7e4e&v=2,
true,GET,http://localhost:3000/script.js/?apinonce=5cbe5bb6932dda11&v=2,
true,GET,http://localhost:3000/script.js/?apinonce=6fbc15118a9519d4&v=2,
true,GET,http://localhost:3000/UI/network/action/addPkcs12ClientCertificate/override?apikey=ZAP&filePath=ZAP&index=ZAP&password=ZAP,
true,GET,http://localhost:3000/script.js/?apinonce=119ec2a1e1c71b85&v=2,
true,GET,http://localhost:3000/UI/script/view/globalVar/override?apikey=ZAP&varKey=ZAP,
true,GET,http://localhost:3000/UI/pscan/view/currentTasks/override?apikey=ZAP,
true,GET,http://localhost:3000/UI/search/view/messagesByRequestRegex/override?apikey=ZAP&baseurl=ZAP&count=3&regex=ZAP&start=ZAP,
true,GET,http://localhost:3000/UI/ruleConfig/action/resetAllRuleConfigValues/override?apikey=ZAP,
true,GET,http://localhost:3000/script.js/?apinonce=c5871f2ea2a0669e&v=2,
true,GET,http://localhost:3000/UI/pscan/view/maxAlertsPerRule/override?apikey=ZAP,
true,GET,http://localhost:3000/UI/core/action/deleteSiteNode/override?apikey=ZAP&method=ZAP&postData=ZAP&url=https%3A%2F%2Fzap.example.com,
true,GET,http://localhost:3000/UI/script/view/globalVars/override?apikey=ZAP,
true,GET,http://localhost:3000/script.js/?apinonce=5f6018748ebe19dc&v=2,
true,GET,http://localhost:3000/script.js/?apinonce=380a34489cf43826&v=2,
true,GET,http://localhost:3000/UI/selenium/view/optionBrowserExtensions/override?apikey=ZAP,
true,GET,http://localhost:3000/UI/network/action/addRateLimitRule/override?apikey=ZAP&description=Zaproxy+alias+impedit+expedita+quisquam+pariatur+exercitationem.+Nemo+rerum+eveniet+dolores+rem+quia+dignissimos.&enabled=ZAP&groupBy=ZAP&matchRegex=ZAP&matchString=ZAP&requestsPerSecond=ZAP,
true,GET,http://localhost:3000/script.js/?apinonce=90a8470c5e4807f1&v=2,
true,GET,http://localhost:3000/script.js/?apinonce=148c4b1a2b44b554&v=2,
true,GET,http://localhost:3000/UI/core/action/disableAllProxyChainExcludedDomains/override?apikey=ZAP,
true,GET,http://localhost:3000/script.js/?apinonce=bd672531c00bc86f&v=2,
true,GET,http://localhost:3000/script.js/?apinonce=dd347ae988b96fcf&v=2,
true,GET,http://localhost:3000/script.js/?apinonce=e091cb94fb9c39c9&v=2,
true,GET,http://localhost:3000/UI/core/action/disableClientCertificate/override?apikey=ZAP,
true,GET,http://localhost:3000/script.js/?apinonce=cdafffb03c4fc199&v=2,
true,GET,http://localhost:3000/script.js/?apinonce=29a3b1b4a8ea963c&v=2,
true,GET,http://localhost:3000/UI/sessionManagement/view/getSessionManagementMethodConfigParams/override?apikey=ZAP&methodName=ZAP,
true,GET,http://localhost:3000/script.js/?apinonce=707599eb05f00a7d&v=2,
true,GET,http://localhost:3000/UI/search/view/messagesByTagRegex/override?apikey=ZAP&baseurl=ZAP&count=3&regex=ZAP&start=ZAP,
true,GET,http://localhost:3000/UI/core/action/enableAllProxyChainExcludedDomains/override?apikey=ZAP,
true,GET,http://localhost:3000/UI/network/action/generateRootCaCert/override?apikey=ZAP,
true,GET,http://localhost:3000/UI/selenium/view/optionChromeBinaryPath/override?apikey=ZAP,
true,GET,http://localhost:3000/script.js/?apinonce=6e2efae108d246fc&v=2,
true,GET,http://localhost:3000/UI/ascan/action/setOptionPromptInAttackMode/override?Boolean=ZAP&apikey=ZAP,
true,GET,http://localhost:3000/script.js/?apinonce=4b1cac439ecd8815&v=2,
true,GET,http://localhost:3000/UI/sessionManagement/view/getSessionManagementMethod/override?apikey=ZAP&contextId=ZAP,
true,GET,http://localhost:3000/script.js/?apinonce=4673c5461365caaa&v=2,
true,GET,http://localhost:3000/UI/script/view/listEngines/override?apikey=ZAP,
true,GET,http://localhost:3000/script.js/?apinonce=b51c28d40d9059b2&v=2,
true,GET,http://localhost:3000/script.js/?apinonce=7851f0bcf946941f&v=2,
true,GET,http://localhost:3000/script.js/?apinonce=2c2f3aacd4652421&v=2,
true,GET,http://localhost:3000/script.js/?apinonce=f5554aaae72e48c9&v=2,
true,GET,http://localhost:3000/script.js/?apinonce=97ed7e7a68d0655a&v=2,
true,GET,http://localhost:3000/script.js/?apinonce=dc69f50c4a07c4ac&v=2,
true,GET,http://localhost:3000/UI/ascan/action/setOptionPromptToClearFinishedScans/override?Boolean=ZAP&apikey=ZAP,
true,GET,http://localhost:3000/UI/ruleConfig/action/setRuleConfigValue/override?apikey=ZAP&key=ZAP&value=ZAP,
true,GET,http://localhost:3000/UI/selenium/view/optionChromeDriverPath/override?apikey=ZAP,
true,GET,http://localhost:3000/UI/search/view/messagesByUrlRegex/override?apikey=ZAP&baseurl=ZAP&count=3&regex=ZAP&start=ZAP,
true,GET,http://localhost:3000/script.js/?apinonce=598491b41a8f398d&v=2,
true,GET,http://localhost:3000/script.js/?apinonce=a3ccb47c0f85c37e&v=2,
true,GET,http://localhost:3000/script.js/?apinonce=bde5e4739029d1ab&v=2,
true,GET,http://localhost:3000/script.js/?apinonce=e0eae9c06776a071&v=2,
true,GET,http://localhost:3000/UI/sessionManagement/view/getSupportedSessionManagementMethods/override?apikey=ZAP,
true,GET,http://localhost:3000/UI/selenium/view/optionEdgeBinaryPath/override?apikey=ZAP,
true,GET,http://localhost:3000/UI/script/view/listScripts/override?apikey=ZAP,
true,GET,http://localhost:3000/UI/pscan/view/maxBodySizeInBytes/override?apikey=ZAP,
true,GET,http://localhost:3000/UI/network/action/importRootCaCert/override?apikey=ZAP&filePath=ZAP,
true,GET,http://localhost:3000/script.js/?apinonce=8c01a2eb55f2d429&v=2,
true,GET,http://localhost:3000/UI/network/action/removeAlias/override?apikey=ZAP&name=ZAP,
true,GET,http://localhost:3000/UI/pscan/view/recordsToScan/override?apikey=ZAP,
true,GET,http://localhost:3000/UI/ascan/action/setOptionRescanInAttackMode/override?Boolean=ZAP&apikey=ZAP,
true,GET,http://localhost:3000/script.js/?apinonce=3e189ab53f33f12b&v=2,
true,GET,http://localhost:3000/script.js/?apinonce=88f0ed47d938e872&v=2,
true,GET,http://localhost:3000/UI/sessionManagement/action/setSessionManagementMethod/override?apikey=ZAP&contextId=ZAP&methodConfigParams=ZAP&methodName=ZAP,
true,GET,http://localhost:3000/script.js/?apinonce=860a0a436ca04f91&v=2,
true,GET,http://localhost:3000/script.js/?apinonce=d85ebdbdb3ed0e6d&v=2,
true,GET,http://localhost:3000/script.js/?apinonce=ee5c5d06154bf3d9&v=2,
true,GET,http://localhost:3000/UI/search/view/urlsByHeaderRegex/override?apikey=ZAP&baseurl=ZAP&count=3&regex=ZAP&start=ZAP,
true,GET,http://localhost:3000/script.js/?apinonce=ad47b79e924aa264&v=2,
true,GET,http://localhost:3000/script.js/?apinonce=12b0fbe22fb84dd9&v=2,
true,GET,http://localhost:3000/script.js/?apinonce=ceac9d2199ac62dd&v=2,
true,GET,http://localhost:3000/script.js/?apinonce=486a4559a551928a&v=2,
true,GET,http://localhost:3000/UI/selenium/view/optionEdgeDriverPath/override?apikey=ZAP,
true,GET,http://localhost:3000/UI/script/view/listTypes/override?apikey=ZAP,
true,GET,http://localhost:3000/UI/reports/view/templateDetails/override?apikey=ZAP&template=ZAP,
true,GET,http://localhost:3000/script.js/?apinonce=d9705dccd5e0610d&v=2,
true,GET,http://localhost:3000/UI/pscan/view/scanOnlyInScope/override?apikey=ZAP,
true,GET,http://localhost:3000/script.js/?apinonce=1b3b08b11ea2119a&v=2,
true,GET,http://localhost:3000/script.js/?apinonce=d7561123263eed43&v=2,
true,GET,http://localhost:3000/script.js/?apinonce=2cadce24f4eb38b2&v=2,
true,GET,http://localhost:3000/script.js/?apinonce=754db4e681d7aac2&v=2,
true,GET,http://localhost:3000/UI/network/action/removeHttpProxyExclusion/override?apikey=ZAP&host=ZAP,
true,GET,http://localhost:3000/script.js/?apinonce=589dbd1dc96d7419&v=2,
true,GET,http://localhost:3000/UI/core/action/enablePKCS12ClientCertificate/override?apikey=ZAP&filePath=ZAP&index=ZAP&password=ZAP,
true,GET,http://localhost:3000/UI/pscan/view/scanners/override?apikey=ZAP,
true,GET,http://localhost:3000/UI/core/action/excludeFromProxy/override?apikey=ZAP&regex=ZAP,
true,GET,http://localhost:3000/UI/selenium/view/optionFirefoxBinaryPath/override?apikey=ZAP,
true,GET,http://localhost:3000/UI/ascan/action/setOptionScanHeadersAllRequests/override?Boolean=ZAP&apikey=ZAP,
true,GET,http://localhost:3000/UI/search/view/urlsByNoteRegex/override?apikey=ZAP&baseurl=ZAP&count=3&regex=ZAP&start=ZAP,
true,GET,http://localhost:3000/script.js/?apinonce=67d1f315f607a648&v=2,
true,GET,http://localhost:3000/script.js/?apinonce=6d38983bffe6a257&v=2,
true,GET,http://localhost:3000/UI/search/view/urlsByRequestRegex/override?apikey=ZAP&baseurl=ZAP&count=3&regex=ZAP&start=ZAP,
true,GET,http://localhost:3000/script.js/?apinonce=9e7b13beba69fb24&v=2,
true,GET,http://localhost:3000/script.js/?apinonce=a350b855f18b02a6&v=2,
true,GET,http://localhost:3000/UI/selenium/view/optionFirefoxDriverPath/override?apikey=ZAP,
true,GET,http://localhost:3000/script.js/?apinonce=f8915a0a41026202&v=2,
true,GET,http://localhost:3000/script.js/?apinonce=adef20e8f27715c5&v=2,
true,GET,http://localhost:3000/script.js/?apinonce=c9de0c014d374f06&v=2,
true,GET,http://localhost:3000/script.js/?apinonce=d269617a508521a6&v=2,
true,GET,http://localhost:3000/script.js/?apinonce=2f53ddc0b3d943e4&v=2,
true,GET,http://localhost:3000/UI/ascan/action/setOptionScanNullJsonValues/override?Boolean=ZAP&apikey=ZAP,
true,GET,http://localhost:3000/UI/script/view/scriptCustomVar/override?apikey=ZAP&scriptName=ZAP&varKey=ZAP,
true,GET,http://localhost:3000/UI/script/view/scriptCustomVars/override?apikey=ZAP&scriptName=ZAP,
true,GET,http://localhost:3000/UI/selenium/view/optionFirefoxDefaultProfile/override?apikey=ZAP,
true,GET,http://localhost:3000/UI/core/action/generateRootCA/override?apikey=ZAP,
true,GET,http://localhost:3000/UI/ascan/action/setOptionShowAdvancedDialog/override?Boolean=ZAP&apikey=ZAP,
true,GET,http://localhost:3000/UI/network/action/removeLocalServer/override?address=688+Zaproxy+Ridge&apikey=ZAP&port=ZAP,
true,GET,http://localhost:3000/script.js/?apinonce=5e70afb1286f62a0&v=2,
true,GET,http://localhost:3000/UI/reports/view/templates/override?apikey=ZAP,
true,GET,http://localhost:3000/UI/core/action/loadSession/override?apikey=ZAP&name=ZAP,
true,GET,http://localhost:3000/script.js/?apinonce=bc1ac70346b7fb51&v=2,
true,GET,http://localhost:3000/UI/core/action/modifyProxyChainExcludedDomain/override?apikey=ZAP&idx=ZAP&isEnabled=ZAP&isRegex=ZAP&value=ZAP,
true,GET,http://localhost:3000/script.js/?apinonce=3943a2157270092a&v=2,
true,GET,http://localhost:3000/script.js/?apinonce=984f5d3a400406b5&v=2,
true,GET,http://localhost:3000/script.js/?apinonce=bf3d2034db7b9cb5&v=2,
true,GET,http://localhost:3000/script.js/?apinonce=46c9bc168715790b&v=2,
true,GET,http://localhost:3000/script.js/?apinonce=cf3f65ac2b4d9a3c&v=2,
true,GET,http://localhost:3000/script.js/?apinonce=83b16b7796994d27&v=2,
true,GET,http://localhost:3000/UI/pscan/action/clearQueue/override?apikey=ZAP,
true,GET,http://localhost:3000/UI/selenium/view/optionLastDirectory/override?apikey=ZAP,
true,GET,http://localhost:3000/script.js/?apinonce=60dac293a33c8c53&v=2,
true,GET,http://localhost:3000/script.js/?apinonce=b30099507c194ab4&v=2,
true,GET,http://localhost:3000/script.js/?apinonce=2c0fd5b378753894&v=2,
true,GET,http://localhost:3000/UI/core/action/newSession/override?apikey=ZAP&name=ZAP&overwrite=ZAP,
true,GET,http://localhost:3000/script.js/?apinonce=f5aebf89a53b4084&v=2,
true,GET,http://localhost:3000/UI/script/view/scriptVar/override?apikey=ZAP&scriptName=ZAP&varKey=ZAP,
true,GET,http://localhost:3000/script.js/?apinonce=e7f84ca6816d6b14&v=2,
true,GET,http://localhost:3000/script.js/?apinonce=6deec5f5f8c4e422&v=2,
true,GET,http://localhost:3000/UI/search/view/urlsByResponseRegex/override?apikey=ZAP&baseurl=ZAP&count=3&regex=ZAP&start=ZAP,
true,GET,http://localhost:3000/script.js/?apinonce=4eb98a92cd1eb811&v=2,
true,GET,http://localhost:3000/UI/core/action/runGarbageCollection/override?apikey=ZAP,
true,GET,http://localhost:3000/UI/ascan/action/setOptionTargetParamsEnabledRPC/override?Integer=ZAP&apikey=ZAP,
true,GET,http://localhost:3000/script.js/?apinonce=b53b87a2edda3f6f&v=2,
true,GET,http://localhost:3000/UI/script/view/scriptVars/override?apikey=ZAP&scriptName=ZAP,
true,GET,http://localhost:3000/UI/pscan/action/disableAllScanners/override?apikey=ZAP,
true,GET,http://localhost:3000/script.js/?apinonce=3b06b02504f0386f&v=2,
true,GET,http://localhost:3000/UI/ascan/action/setOptionTargetParamsInjectable/override?Integer=ZAP&apikey=ZAP,
true,GET,http://localhost:3000/script.js/?apinonce=8de39ec12e34eab3&v=2,
true,GET,http://localhost:3000/script.js/?apinonce=226b0e2f15830db5&v=2,
true,GET,http://localhost:3000/UI/core/action/removeProxyChainExcludedDomain/override?apikey=ZAP&idx=ZAP,
true,GET,http://localhost:3000/script.js/?apinonce=8c0ea74b39111b27&v=2,
true,GET,http://localhost:3000/UI/core/action/saveSession/override?apikey=ZAP&name=ZAP&overwrite=ZAP,
true,GET,http://localhost:3000/UI/selenium/view/optionIeDriverPath/override?apikey=ZAP,
true,GET,http://localhost:3000/script.js/?apinonce=297fab722fe3b42&v=2,
true,GET,http://localhost:3000/script.js/?apinonce=23fd078f80c72fe2&v=2,
true,GET,http://localhost:3000/script.js/?apinonce=ee32a03196d5a56a&v=2,
true,GET,http://localhost:3000/script.js/?apinonce=6225231513f00e12&v=2,
true,GET,http://localhost:3000/UI/pscan/action/disableAllTags/override?apikey=ZAP,
true,GET,http://localhost:3000/script.js/?apinonce=73febbdf14cf1baf&v=2,
true,GET,http://localhost:3000/UI/ascan/action/setOptionThreadPerHost/override?Integer=ZAP&apikey=ZAP,
true,GET,http://localhost:3000/UI/ascan/action/setPolicyAlertThreshold/override?alertThreshold=ZAP&apikey=ZAP&id=ZAP&scanPolicyName=ZAP,
true,GET,http://localhost:3000/UI/script/action/clearGlobalCustomVar/override?apikey=ZAP&varKey=ZAP,
true,GET,http://localhost:3000/UI/search/view/urlsByTagRegex/override?apikey=ZAP&baseurl=ZAP&count=3&regex=ZAP&start=ZAP,
true,GET,http://localhost:3000/UI/selenium/view/optionPhantomJsBinaryPath/override?apikey=ZAP,
true,GET,http://localhost:3000/script.js/?apinonce=a28cb69d64e09799&v=2,
true,GET,http://localhost:3000/script.js/?apinonce=e62bafded46a658f&v=2,
true,GET,http://localhost:3000/UI/network/action/removePassThrough/override?apikey=ZAP&authority=ZAP,
true,GET,http://localhost:3000/UI/core/action/sendRequest/override?apikey=ZAP&followRedirects=ZAP&request=ZAP,
true,GET,http://localhost:3000/script.js/?apinonce=af7e6ed2d6418cb3&v=2,
true,GET,http://localhost:3000/UI/ascan/action/setPolicyAttackStrength/override?apikey=ZAP&attackStrength=ZAP&id=ZAP&scanPolicyName=ZAP,
true,GET,http://localhost:3000/script.js/?apinonce=d20c1c7089bdfaad&v=2,
true,GET,http://localhost:3000/script.js/?apinonce=b3f0e1754f54896a&v=2,
true,GET,http://localhost:3000/script.js/?apinonce=895ca37a37bbd457&v=2,
true,GET,http://localhost:3000/script.js/?apinonce=3228d6a092959800&v=2,
true,GET,http://localhost:3000/script.js/?apinonce=481494680c70d8fb&v=2,
true,GET,http://localhost:3000/UI/reports/action/generate/override?apikey=ZAP&contexts=ZAP&description=Zaproxy+alias+impedit+expedita+quisquam+pariatur+exercitationem.+Nemo+rerum+eveniet+dolores+rem+quia+dignissimos.&display=ZAP&includedConfidences=ZAP&includedRisks=ZAP&reportDir=ZAP&reportFileName=ZAP&reportFileNamePattern=ZAP&sections=ZAP&sites=ZAP&template=ZAP&theme=ZAP&title=ZAP,
true,GET,http://localhost:3000/script.js/?apinonce=78c9150803d43a48&v=2,
true,GET,http://localhost:3000/UI/soap/action/importUrl/override?apikey=ZAP&url=https%3A%2F%2Fzap.example.com,
true,GET,http://localhost:3000/UI/search/view/urlsByUrlRegex/override?apikey=ZAP&baseurl=ZAP&count=3&regex=ZAP&start=ZAP,
true,GET,http://localhost:3000/script.js/?apinonce=17b86320d89bb00c&v=2,
true,GET,http://localhost:3000/UI/soap/action/importFile/override?apikey=ZAP&file=ZAP,
true,GET,http://localhost:3000/UI/core/action/setHomeDirectory/override?apikey=ZAP&dir=ZAP,
true,GET,http://localhost:3000/script.js/?apinonce=5f523c4a901463d0&v=2,
true,GET,http://localhost:3000/script.js/?apinonce=29d0b40ba6d5735d&v=2,
true,GET,http://localhost:3000/script.js/?apinonce=dc123771dbc7557f&v=2,
true,GET,http://localhost:3000/UI/selenium/action/addBrowserArgument/override?apikey=ZAP&argument=ZAP&browser=ZAP&enabled=ZAP,
true,GET,http://localhost:3000/UI/network/action/setAliasEnabled/override?apikey=ZAP&enabled=ZAP&name=ZAP,
true,GET,http://localhost:3000/UI/network/action/removeRateLimitRule/override?apikey=ZAP&description=Zaproxy+alias+impedit+expedita+quisquam+pariatur+exercitationem.+Nemo+rerum+eveniet+dolores+rem+quia+dignissimos.,
true,GET,http://localhost:3000/UI/spider/view/addedNodes/override?apikey=ZAP&scanId=ZAP,
true,GET,http://localhost:3000/UI/ascan/action/setScannerAlertThreshold/override?alertThreshold=ZAP&apikey=ZAP&id=ZAP&scanPolicyName=ZAP,
true,GET,http://localhost:3000/UI/pscan/action/disableScanners/override?apikey=ZAP&ids=ZAP,
true,GET,http://localhost:3000/script.js/?apinonce=41766d8f62ab76b4&v=2,
true,GET,http://localhost:3000/script.js/?apinonce=c45907ef5859b863&v=2,
true,GET,http://localhost:3000/UI/search/other/harByHeaderRegex/override?apikey=ZAP&baseurl=ZAP&count=3&regex=ZAP&start=ZAP,
true,GET,http://localhost:3000/script.js/?apinonce=bd1dd432303cdc0b&v=2,
true,GET,http://localhost:3000/script.js/?apinonce=7ad6e13dd2dea802&v=2,
true,GET,http://localhost:3000/script.js/?apinonce=76a5007a2fc9253a&v=2,
true,GET,http://localhost:3000/script.js/?apinonce=78cb8c9d5be4c7a3&v=2,
true,GET,http://localhost:3000/script.js/?apinonce=241520f8c2fce8b8&v=2,
true,GET,http://localhost:3000/script.js/?apinonce=2fe7de77b46ddd63&v=2,
true,GET,http://localhost:3000/script.js/?apinonce=a1c228685d37679e&v=2,
true,GET,http://localhost:3000/UI/ascan/action/skipScanner/override?apikey=ZAP&scanId=ZAP&scannerId=ZAP,
true,GET,http://localhost:3000/UI/selenium/action/removeBrowserArgument/override?apikey=ZAP&argument=ZAP&browser=ZAP,
true,GET,http://localhost:3000/script.js/?apinonce=77f82b0ba478e33a&v=2,
true,GET,http://localhost:3000/UI/selenium/action/launchBrowser/override?apikey=ZAP&browser=ZAP,
true,GET,http://localhost:3000/UI/search/other/harByNoteRegex/override?apikey=ZAP&baseurl=ZAP&count=3&regex=ZAP&start=ZAP,
true,GET,http://localhost:3000/script.js/?apinonce=cfce032a964da00d&v=2,
true,GET,http://localhost:3000/UI/search/other/harByResponseRegex/override?apikey=ZAP&baseurl=ZAP&count=3&regex=ZAP&start=ZAP,
true,GET,http://localhost:3000/UI/search/other/harByRequestRegex/override?apikey=ZAP&baseurl=ZAP&count=3&regex=ZAP&start=ZAP,
true,GET,http://localhost:3000/script.js/?apinonce=6b66ae7532e02e7e&v=2,
true,GET,http://localhost:3000/UI/core/action/setLogLevel/override?apikey=ZAP&logLevel=ZAP&name=ZAP,
true,GET,http://localhost:3000/script.js/?apinonce=8b62a3ffe4c31678&v=2,
true,GET,http://localhost:3000/script.js/?apinonce=6b36468053b0168e&v=2,
true,GET,http://localhost:3000/script.js/?apinonce=d06d38b628f4a06d&v=2,
true,GET,http://localhost:3000/UI/script/action/clearGlobalVar/override?apikey=ZAP&varKey=ZAP,
true,GET,http://localhost:3000/UI/spider/view/allUrls/override?apikey=ZAP,
true,GET,http://localhost:3000/script.js/?apinonce=506825c83865a429&v=2,
true,GET,http://localhost:3000/script.js/?apinonce=92fec0ac980cffb8&v=2,
true,GET,http://localhost:3000/script.js/?apinonce=e5d83e031326bb51&v=2,
true,GET,http://localhost:3000/script.js/?apinonce=744a6163cc3bf8df&v=2,
true,GET,http://localhost:3000/script.js/?apinonce=45508aa3d869808&v=2,
true,GET,http://localhost:3000/UI/network/action/setConnectionTimeout/override?apikey=ZAP&timeout=ZAP,
true,GET,http://localhost:3000/script.js/?apinonce=7265b6600d12d49c&v=2,
true,GET,http://localhost:3000/script.js/?apinonce=e025121d7dd485be&v=2,
true,GET,http://localhost:3000/UI/core/action/setMode/override?apikey=ZAP&mode=ZAP,
true,GET,http://localhost:3000/UI/network/action/setDefaultUserAgent/override?apikey=ZAP&userAgent=ZAP,
true,GET,http://localhost:3000/UI/search/other/harByTagRegex/override?apikey=ZAP&baseurl=ZAP&count=3&regex=ZAP&start=ZAP,
true,GET,http://localhost:3000/UI/ascan/action/stop/override?apikey=ZAP&scanId=ZAP,
true,GET,http://localhost:3000/script.js/?apinonce=4534cebd1b08f647&v=2,
true,GET,http://localhost:3000/UI/network/action/setDnsTtlSuccessfulQueries/override?apikey=ZAP&ttl=ZAP,
true,GET,http://localhost:3000/UI/spider/view/domainsAlwaysInScope/override?apikey=ZAP,
true,GET,http://localhost:3000/script.js/?apinonce=62e754dd5867a02a&v=2,
true,GET,http://localhost:3000/script.js/?apinonce=3a66c95f81568daa&v=2,
true,GET,http://localhost:3000/UI/selenium/action/setBrowserArgumentEnabled/override?apikey=ZAP&argument=ZAP&browser=ZAP&enabled=ZAP,
true,GET,http://localhost:3000/UI/ascan/action/setScannerAttackStrength/override?apikey=ZAP&attackStrength=ZAP&id=ZAP&scanPolicyName=ZAP,
true,GET,http://localhost:3000/script.js/?apinonce=b2bf3a6bc5e10ccf&v=2,
true,GET,http://localhost:3000/UI/pscan/action/enableAllScanners/override?apikey=ZAP,
true,GET,http://localhost:3000/UI/ascan/action/stopAllScans/override?apikey=ZAP,
true,GET,http://localhost:3000/script.js/?apinonce=8126ed9e9f359271&v=2,
true,GET,http://localhost:3000/script.js/?apinonce=ee884b3871aee32b&v=2,
true,GET,http://localhost:3000/script.js/?apinonce=101dfd128e9d255&v=2,
true,GET,http://localhost:3000/script.js/?apinonce=c0840f34821dc41b&v=2,
true,GET,http://localhost:3000/UI/core/action/setOptionAlertOverridesFilePath/override?apikey=ZAP&filePath=ZAP,
true,GET,http://localhost:3000/UI/core/action/setOptionDefaultUserAgent/override?String=ZAP&apikey=ZAP,
true,GET,http://localhost:3000/script.js/?apinonce=3cd460617453f7fa&v=2,
true,GET,http://localhost:3000/script.js/?apinonce=7bfc25455f4f2b96&v=2,
true,GET,http://localhost:3000/UI/ascan/action/updateScanPolicy/override?alertThreshold=ZAP&apikey=ZAP&attackStrength=ZAP&scanPolicyName=ZAP,
true,GET,http://localhost:3000/UI/spider/view/excludedFromScan/override?apikey=ZAP,
true,GET,http://localhost:3000/UI/pscan/action/enableAllTags/override?apikey=ZAP,
true,GET,http://localhost:3000/script.js/?apinonce=fa0dd35ab70e1f26&v=2,
true,GET,http://localhost:3000/UI/search/other/harByUrlRegex/override?apikey=ZAP&baseurl=ZAP&count=3&regex=ZAP&start=ZAP,
true,GET,http://localhost:3000/script.js/?apinonce=d169b444457834f8&v=2,
true,GET,http://localhost:3000/UI/script/action/clearGlobalVars/override?apikey=ZAP,
true,GET,http://localhost:3000/UI/script/action/clearScriptCustomVar/override?apikey=ZAP&scriptName=ZAP&varKey=ZAP,
true,GET,http://localhost:3000/script.js/?apinonce=2adc62907978a967&v=2,
true,GET,http://localhost:3000/UI/stats/view/allSitesStats/override?apikey=ZAP&keyPrefix=ZAP,
true,GET,http://localhost:3000/UI/network/action/setHttpProxy/override?apikey=ZAP&host=ZAP&password=ZAP&port=ZAP&realm=ZAP&username=ZAP,
true,GET,http://localhost:3000/script.js/?apinonce=394d8e0fea40e4cd&v=2,
true,GET,http://localhost:3000/UI/core/action/setOptionDnsTtlSuccessfulQueries/override?Integer=ZAP&apikey=ZAP,
true,GET,http://localhost:3000/UI/selenium/action/setOptionChromeBinaryPath/override?String=ZAP&apikey=ZAP,
true,GET,http://localhost:3000/script.js/?apinonce=2a3a556e1f1b5851&v=2,
true,GET,http://localhost:3000/script.js/?apinonce=b1bc716d57b4d2f4&v=2,
true,GET,http://localhost:3000/script.js/?apinonce=71e5d86f3f524e8a&v=2,
true,GET,http://localhost:3000/UI/spider/view/fullResults/override?apikey=ZAP&scanId=ZAP,
true,GET,http://localhost:3000/script.js/?apinonce=dab0847be2432d5e&v=2,
true,GET,http://localhost:3000/script.js/?apinonce=d92dd232dc4e6a60&v=2,
true,GET,http://localhost:3000/script.js/?apinonce=84899af86ea57475&v=2,
true,GET,http://localhost:3000/script.js/?apinonce=5274a238592eeb31&v=2,
true,GET,http://localhost:3000/script.js/?apinonce=db826b3771075c1&v=2,
true,GET,http://localhost:3000/script.js/?apinonce=ed1fdf84de8d7fee&v=2,
true,GET,http://localhost:3000/UI/spider/view/optionDomainsAlwaysInScope/override?apikey=ZAP,
true,GET,http://localhost:3000/script.js/?apinonce=e5cf8390747297a7&v=2,
true,GET,http://localhost:3000/UI/spider/view/optionAcceptCookies/override?apikey=ZAP,
true,GET,http://localhost:3000/script.js/?apinonce=a236559ebbf12b66&v=2,
true,GET,http://localhost:3000/UI/network/action/setHttpProxyAuthEnabled/override?apikey=ZAP&enabled=ZAP,
true,GET,http://localhost:3000/UI/selenium/action/setOptionEdgeBinaryPath/override?String=ZAP&apikey=ZAP,
true,GET,http://localhost:3000/script.js/?apinonce=49811cec471e4859&v=2,
true,GET,http://localhost:3000/UI/script/action/enable/override?apikey=ZAP&scriptName=ZAP,
true,GET,http://localhost:3000/UI/stats/view/optionInMemoryEnabled/override?apikey=ZAP,
true,GET,http://localhost:3000/UI/selenium/action/setOptionEdgeDriverPath/override?String=ZAP&apikey=ZAP,
true,GET,http://localhost:3000/UI/selenium/action/setOptionChromeDriverPath/override?String=ZAP&apikey=ZAP,
true,GET,http://localhost:3000/UI/users/view/getAuthenticationCredentials/override?apikey=ZAP&contextId=ZAP&userId=ZAP,
true,GET,http://localhost:3000/script.js/?apinonce=5a67cd07cbd9ee23&v=2,
true,GET,http://localhost:3000/UI/script/action/disable/override?apikey=ZAP&scriptName=ZAP,
true,GET,http://localhost:3000/script.js/?apinonce=379056dbe1a6a757&v=2,
true,GET,http://localhost:3000/script.js/?apinonce=1457844e2aac162d&v=2,
true,GET,http://localhost:3000/script.js/?apinonce=ba29973773e2c568&v=2,
true,GET,http://localhost:3000/script.js/?apinonce=87578616a1d8e3b6&v=2,
true,GET,http://localhost:3000/script.js/?apinonce=ad1b171311b61222&v=2,
true,GET,http://localhost:3000/script.js/?apinonce=a1381951d5368474&v=2,
true,GET,http://localhost:3000/script.js/?apinonce=a9a25beb2caff588&v=2,
true,GET,http://localhost:3000/UI/selenium/action/setOptionFirefoxBinaryPath/override?String=ZAP&apikey=ZAP,
true,GET,http://localhost:3000/script.js/?apinonce=3b73948f0f3ab33b&v=2,
true,GET,http://localhost:3000/UI/pscan/action/enableScanners/override?apikey=ZAP&ids=ZAP,
true,GET,http://localhost:3000/UI/script/action/clearScriptVar/override?apikey=ZAP&scriptName=ZAP&varKey=ZAP,
true,GET,http://localhost:3000/UI/script/action/clearScriptVars/override?apikey=ZAP&scriptName=ZAP,
true,GET,http://localhost:3000/script.js/?apinonce=94db98356eb52e6a&v=2,
true,GET,http://localhost:3000/UI/network/action/setHttpProxyEnabled/override?apikey=ZAP&enabled=ZAP,
true,GET,http://localhost:3000/UI/core/action/setOptionHttpStateEnabled/override?Boolean=ZAP&apikey=ZAP,
true,GET,http://localhost:3000/UI/script/action/setGlobalVar/override?apikey=ZAP&varKey=ZAP&varValue=ZAP,
true,GET,http://localhost:3000/script.js/?apinonce=a9bd0d45d2376850&v=2,
true,GET,http://localhost:3000/UI/core/action/setOptionMergeRelatedAlerts/override?apikey=ZAP&enabled=ZAP,
true,GET,http://localhost:3000/UI/script/action/remove/override?apikey=ZAP&scriptName=ZAP,
true,GET,http://localhost:3000/script.js/?apinonce=f2f4f9206cfb3f78&v=2,
true,GET,http://localhost:3000/UI/script/action/load/override?apikey=ZAP&charset=ZAP&fileName=ZAP&scriptDescription=ZAP&scriptEngine=ZAP&scriptName=ZAP&scriptType=ZAP,
true,GET,http://localhost:3000/script.js/?apinonce=8211de00e408a93d&v=2,
true,GET,http://localhost:3000/script.js/?apinonce=4a3abd001ed352c4&v=2,
true,GET,http://localhost:3000/UI/script/action/setScriptVar/override?apikey=ZAP&scriptName=ZAP&varKey=ZAP&varValue=ZAP,
true,GET,http://localhost:3000/script.js/?apinonce=7967c684ccea93a7&v=2,
true,GET,http://localhost:3000/UI/script/action/runStandAloneScript/override?apikey=ZAP&scriptName=ZAP,
true,GET,http://localhost:3000/UI/users/view/getAuthenticationSession/override?apikey=ZAP&contextId=ZAP&userId=ZAP,
true,GET,http://localhost:3000/script.js/?apinonce=3133bc04c2d7cca4&v=2,
true,GET,http://localhost:3000/script.js/?apinonce=24de68d77749197f&v=2,
true,GET,http://localhost:3000/script.js/?apinonce=e7da9e81cca9cbe1&v=2,
true,GET,http://localhost:3000/UI/users/view/getAuthenticationState/override?apikey=ZAP&contextId=ZAP&userId=ZAP,
true,GET,http://localhost:3000/script.js/?apinonce=512fba9aa525079e&v=2,
true,GET,http://localhost:3000/UI/users/view/getAuthenticationCredentialsConfigParams/override?apikey=ZAP&contextId=ZAP,
true,GET,http://localhost:3000/UI/core/action/setOptionMaximumAlertInstances/override?apikey=ZAP&numberOfInstances=ZAP,
true,GET,http://localhost:3000/script.js/?apinonce=81603c482ac85df3&v=2,
true,GET,http://localhost:3000/script.js/?apinonce=ac29b1bee9802959&v=2,
true,GET,http://localhost:3000/script.js/?apinonce=1852b9b344f2451a&v=2,
true,GET,http://localhost:3000/script.js/?apinonce=dd8b03f7ca04fa0d&v=2,
true,GET,http://localhost:3000/UI/spider/view/optionLogoutAvoidance/override?apikey=ZAP,
true,GET,http://localhost:3000/UI/spider/view/optionHandleODataParametersVisited/override?apikey=ZAP,
true,GET,http://localhost:3000/UI/stats/view/optionStatsdHost/override?apikey=ZAP,
true,GET,http://localhost:3000/UI/stats/view/optionStatsdEnabled/override?apikey=ZAP,
true,GET,http://localhost:3000/UI/pscan/action/setMaxAlertsPerRule/override?apikey=ZAP&maxAlerts=ZAP,
true,GET,http://localhost:3000/UI/spider/view/optionDomainsAlwaysInScopeEnabled/override?apikey=ZAP,
true,GET,http://localhost:3000/script.js/?apinonce=25410ffe55b908d3&v=2,
true,GET,http://localhost:3000/UI/pscan/action/setEnabled/override?apikey=ZAP&enabled=ZAP,
true,GET,http://localhost:3000/script.js/?apinonce=43b9b1e86610d3a3&v=2,
true,GET,http://localhost:3000/script.js/?apinonce=fa2006356c70b149&v=2,
true,GET,http://localhost:3000/UI/spider/view/optionHandleParameters/override?apikey=ZAP,
true,GET,http://localhost:3000/script.js/?apinonce=6899af4c48491924&v=2,
true,GET,http://localhost:3000/UI/selenium/action/setOptionFirefoxDefaultProfile/override?String=ZAP&apikey=ZAP,
true,GET,http://localhost:3000/script.js/?apinonce=25953c6bf7ef6d7d&v=2,
true,GET,http://localhost:3000/script.js/?apinonce=2072c058baf2307d&v=2,
true,GET,http://localhost:3000/script.js/?apinonce=d23a102bbb23096f&v=2,
true,GET,http://localhost:3000/script.js/?apinonce=bd5f5791d3ac3f8d&v=2,
true,GET,http://localhost:3000/UI/core/action/setOptionProxyChainName/override?String=ZAP&apikey=ZAP,
true,GET,http://localhost:3000/script.js/?apinonce=a35516d24b4f3e9&v=2,
true,GET,http://localhost:3000/script.js/?apinonce=455c7e6b011a6e90&v=2,
true,GET,http://localhost:3000/script.js/?apinonce=1160aa9c4e39092b&v=2,
true,GET,http://localhost:3000/script.js/?apinonce=b0b702caa4a0d186&v=2,
true,GET,http://localhost:3000/script.js/?apinonce=9ec1e5bcc5f8af40&v=2,
true,GET,http://localhost:3000/script.js/?apinonce=468ccbb2cac27227&v=2,
true,GET,http://localhost:3000/script.js/?apinonce=daf0a86f53c5655f&v=2,
true,GET,http://localhost:3000/script.js/?apinonce=3e4eb294c1d3fb47&v=2,
true,GET,http://localhost:3000/UI/core/action/setOptionProxyChainPassword/override?String=ZAP&apikey=ZAP,
true,GET,http://localhost:3000/UI/pscan/action/setScanOnlyInScope/override?apikey=ZAP&onlyInScope=ZAP,
true,GET,http://localhost:3000/script.js/?apinonce=d15bff1a7f95aecb&v=2,
true,GET,http://localhost:3000/UI/core/action/setOptionProxyChainPort/override?Integer=ZAP&apikey=ZAP,
true,GET,http://localhost:3000/UI/core/action/setOptionProxyChainRealm/override?String=ZAP&apikey=ZAP,
true,GET,http://localhost:3000/UI/pscan/action/setMaxBodySizeInBytes/override?apikey=ZAP&maxSize=ZAP,
true,GET,http://localhost:3000/UI/core/action/setOptionProxyChainSkipName/override?String=ZAP&apikey=ZAP,
true,GET,http://localhost:3000/UI/core/action/setOptionProxyChainPrompt/override?Boolean=ZAP&apikey=ZAP,
true,GET,http://localhost:3000/UI/network/action/setHttpProxyExclusionEnabled/override?apikey=ZAP&enabled=ZAP&host=ZAP,
true,GET,http://localhost:3000/UI/spider/view/optionMaxChildren/override?apikey=ZAP,
true,GET,http://localhost:3000/UI/pscan/action/setScannerAlertThreshold/override?alertThreshold=ZAP&apikey=ZAP&id=ZAP,
true,GET,http://localhost:3000/UI/core/action/setOptionProxyChainUserName/override?String=ZAP&apikey=ZAP,
true,GET,http://localhost:3000/UI/selenium/action/setOptionFirefoxDriverPath/override?String=ZAP&apikey=ZAP,
true,GET,http://localhost:3000/script.js/?apinonce=1937e16f1cabbf83&v=2,
true,GET,http://localhost:3000/UI/network/action/setPassThroughEnabled/override?apikey=ZAP&authority=ZAP&enabled=ZAP,
true,GET,http://localhost:3000/UI/spider/view/optionMaxDepth/override?apikey=ZAP,
true,GET,http://localhost:3000/UI/stats/view/optionStatsdPort/override?apikey=ZAP,
true,GET,http://localhost:3000/script.js/?apinonce=ef01a10aeb44e640&v=2,
true,GET,http://localhost:3000/script.js/?apinonce=2c10a2150d32c3b4&v=2,
true,GET,http://localhost:3000/script.js/?apinonce=73e20cf617425ed2&v=2,
true,GET,http://localhost:3000/script.js/?apinonce=98c66ae6b6eac6d1&v=2,
true,GET,http://localhost:3000/script.js/?apinonce=f26d673bb051a185&v=2,
true,GET,http://localhost:3000/script.js/?apinonce=95138a4bf8ebb975&v=2,
true,GET,http://localhost:3000/script.js/?apinonce=37d41b89240da171&v=2,
true,GET,http://localhost:3000/script.js/?apinonce=294711579e5a9535&v=2,
true,GET,http://localhost:3000/script.js/?apinonce=a6ab4b8109ebae1b&v=2,
true,GET,http://localhost:3000/script.js/?apinonce=98b1dc8152da0225&v=2,
true,GET,http://localhost:3000/script.js/?apinonce=208efdd0fd455950&v=2,
true,GET,http://localhost:3000/UI/users/action/authenticateAsUser/override?apikey=ZAP&contextId=ZAP&userId=ZAP,
true,GET,http://localhost:3000/script.js/?apinonce=cf93d53979c0847c&v=2,
true,GET,http://localhost:3000/UI/users/view/getUserById/override?apikey=ZAP&contextId=ZAP&userId=ZAP,
true,GET,http://localhost:3000/script.js/?apinonce=fb0ebab81b70241d&v=2,
true,GET,http://localhost:3000/UI/stats/view/optionStatsdPrefix/override?apikey=ZAP,
true,GET,http://localhost:3000/UI/users/action/newUser/override?apikey=ZAP&contextId=ZAP&name=ZAP,
true,GET,http://localhost:3000/UI/users/action/removeUser/override?apikey=ZAP&contextId=ZAP&userId=ZAP,
true,GET,http://localhost:3000/UI/users/view/usersList/override?apikey=ZAP&contextId=ZAP,
true,GET,http://localhost:3000/UI/network/action/setRateLimitRuleEnabled/override?apikey=ZAP&description=Zaproxy+alias+impedit+expedita+quisquam+pariatur+exercitationem.+Nemo+rerum+eveniet+dolores+rem+quia+dignissimos.&enabled=ZAP,
true,GET,http://localhost:3000/UI/stats/view/siteStats/override?apikey=ZAP&keyPrefix=ZAP&site=ZAP,
true,GET,http://localhost:3000/UI/stats/action/clearStats/override?apikey=ZAP&keyPrefix=ZAP,
true,GET,http://localhost:3000/script.js/?apinonce=28b86585b3efbe4f&v=2,
true,GET,http://localhost:3000/script.js/?apinonce=5fffede701111aa6&v=2,
true,GET,http://localhost:3000/UI/stats/view/stats/override?apikey=ZAP&keyPrefix=ZAP,
true,GET,http://localhost:3000/script.js/?apinonce=4fcd2b6ce75062cd&v=2,
true,GET,http://localhost:3000/script.js/?apinonce=e94a6e23f2a011e&v=2,
true,GET,http://localhost:3000/UI/users/action/pollAsUser/override?apikey=ZAP&contextId=ZAP&userId=ZAP,
true,GET,http://localhost:3000/script.js/?apinonce=43b798ffe2f43283&v=2,
true,GET,http://localhost:3000/script.js/?apinonce=20005923396ce9ea&v=2,
true,GET,http://localhost:3000/script.js/?apinonce=375f39ccb1756a3c&v=2,
true,GET,http://localhost:3000/script.js/?apinonce=157b423aaa2bfec1&v=2,
true,GET,http://localhost:3000/UI/core/action/setOptionSingleCookieRequestHeader/override?Boolean=ZAP&apikey=ZAP,
true,GET,http://localhost:3000/script.js/?apinonce=6be424f5bed3966&v=2,
true,GET,http://localhost:3000/script.js/?apinonce=8f0991cf71745cd6&v=2,
true,GET,http://localhost:3000/UI/spider/view/optionMaxScansInUI/override?apikey=ZAP,
true,GET,http://localhost:3000/UI/spider/view/optionMaxDuration/override?apikey=ZAP,
true,GET,http://localhost:3000/UI/selenium/action/setOptionIeDriverPath/override?String=ZAP&apikey=ZAP,
true,GET,http://localhost:3000/script.js/?apinonce=32dfc9db9943cc4e&v=2,
true,GET,http://localhost:3000/script.js/?apinonce=2f2d1ae7cfa7ef65&v=2,
true,GET,http://localhost:3000/script.js/?apinonce=389b5e86510acfbd&v=2,
true,GET,http://localhost:3000/script.js/?apinonce=6cc8f066f375db5a&v=2,
true,GET,http://localhost:3000/UI/network/action/setRootCaCertValidity/override?apikey=ZAP&validity=ZAP,
true,GET,http://localhost:3000/UI/users/action/setAuthenticationCredentials/override?apikey=ZAP&authCredentialsConfigParams=ZAP&contextId=ZAP&userId=ZAP,
true,GET,http://localhost:3000/UI/core/action/setOptionTimeoutInSecs/override?Integer=ZAP&apikey=ZAP,
true,GET,http://localhost:3000/script.js/?apinonce=9a28fe82182ddba7&v=2,
true,GET,http://localhost:3000/UI/spider/view/optionParseComments/override?apikey=ZAP,
true,GET,http://localhost:3000/script.js/?apinonce=1b39d2d9c34f4abf&v=2,
true,GET,http://localhost:3000/UI/stats/action/setOptionStatsdHost/override?String=ZAP&apikey=ZAP,
true,GET,http://localhost:3000/UI/spider/view/optionMaxParseSizeBytes/override?apikey=ZAP,
true,GET,http://localhost:3000/UI/stats/action/setOptionInMemoryEnabled/override?Boolean=ZAP&apikey=ZAP,
true,GET,http://localhost:3000/UI/users/action/setAuthenticationState/override?apikey=ZAP&contextId=ZAP&lastPollResult=ZAP&lastPollTimeInMs=ZAP&requestsSinceLastPoll=ZAP&userId=ZAP,
true,GET,http://localhost:3000/script.js/?apinonce=7d6a2cf628bd3434&v=2,
true,GET,http://localhost:3000/script.js/?apinonce=dbf4f312f2cf4f1f&v=2,
true,GET,http://localhost:3000/UI/selenium/action/setOptionLastDirectory/override?String=ZAP&apikey=ZAP,
true,GET,http://localhost:3000/script.js/?apinonce=f788365d275a136&v=2,
true,GET,http://localhost:3000/UI/network/action/setServerCertValidity/override?apikey=ZAP&validity=ZAP,
true,GET,http://localhost:3000/script.js/?apinonce=84c70c4f314428b3&v=2,
true,GET,http://localhost:3000/script.js/?apinonce=fee22028b63c9a2b&v=2,
true,GET,http://localhost:3000/script.js/?apinonce=8b54f4b1437dddfa&v=2,
true,GET,http://localhost:3000/script.js/?apinonce=45c666c6d4d256f8&v=2,
true,GET,http://localhost:3000/script.js/?apinonce=5aed272fa62bedce&v=2,
true,GET,http://localhost:3000/UI/websocket/view/breakTextMessage/override?apikey=ZAP,
true,GET,http://localhost:3000/script.js/?apinonce=fd34cf0f22d2d346&v=2,
true,GET,http://localhost:3000/script.js/?apinonce=9405784ba85dedd4&v=2,
true,GET,http://localhost:3000/script.js/?apinonce=40147950a74b4578&v=2,
true,GET,http://localhost:3000/script.js/?apinonce=9ff7dd5a24bb2789&v=2,
true,GET,http://localhost:3000/UI/network/action/setSocksProxyEnabled/override?apikey=ZAP&enabled=ZAP,
true,GET,http://localhost:3000/UI/network/action/setSocksProxy/override?apikey=ZAP&host=ZAP&password=ZAP&port=ZAP&useDns=ZAP&username=ZAP&version=ZAP,
true,GET,http://localhost:3000/UI/spider/view/optionParseDsStore/override?apikey=ZAP,
true,GET,http://localhost:3000/script.js/?apinonce=911d18e561fa6164&v=2,
true,GET,http://localhost:3000/UI/core/action/setOptionUseProxyChain/override?Boolean=ZAP&apikey=ZAP,
true,GET,http://localhost:3000/UI/selenium/action/setOptionPhantomJsBinaryPath/override?String=ZAP&apikey=ZAP,
true,GET,http://localhost:3000/script.js/?apinonce=808b2eef4a3eff0f&v=2,
true,GET,http://localhost:3000/UI/users/action/setUserEnabled/override?apikey=ZAP&contextId=ZAP&enabled=ZAP&userId=ZAP,
true,GET,http://localhost:3000/UI/stats/action/setOptionStatsdPort/override?Integer=ZAP&apikey=ZAP,
true,GET,http://localhost:3000/UI/websocket/view/channels/override?apikey=ZAP,
true,GET,http://localhost:3000/script.js/?apinonce=9e8f19e095332c89&v=2,
true,GET,http://localhost:3000/script.js/?apinonce=9758d660f0ca725e&v=2,
true,GET,http://localhost:3000/UI/users/action/setCookie/override?apikey=ZAP&contextId=ZAP&domain=ZAP&name=ZAP&path=ZAP&secure=ZAP&userId=ZAP&value=ZAP,
true,GET,http://localhost:3000/UI/network/action/setUseClientCertificate/override?apikey=ZAP&use=ZAP,
true,GET,http://localhost:3000/script.js/?apinonce=193625ed4145972a&v=2,
true,GET,http://localhost:3000/script.js/?apinonce=9ff6d10f3932e5e7&v=2,
true,GET,http://localhost:3000/script.js/?apinonce=35a246119508e027&v=2,
true,GET,http://localhost:3000/script.js/?apinonce=ec97b0431f31ade8&v=2,
true,GET,http://localhost:3000/UI/websocket/view/message/override?apikey=ZAP&channelId=ZAP&messageId=ZAP,
true,GET,http://localhost:3000/script.js/?apinonce=dd7ad30fbe167840&v=2,
true,GET,http://localhost:3000/UI/core/action/setOptionUseProxyChainAuth/override?Boolean=ZAP&apikey=ZAP,
true,GET,http://localhost:3000/UI/network/action/setUseGlobalHttpState/override?apikey=ZAP&use=ZAP,
true,GET,http://localhost:3000/script.js/?apinonce=9e4293f424d8feea&v=2,
true,GET,http://localhost:3000/script.js/?apinonce=6e94c9d8f9fa76c6&v=2,
true,GET,http://localhost:3000/script.js/?apinonce=4894a0c4120f929&v=2,
true,GET,http://localhost:3000/UI/network/other/proxy.pac/override?apikey=ZAP,
true,GET,http://localhost:3000/UI/stats/action/setOptionStatsdPrefix/override?String=ZAP&apikey=ZAP,
true,GET,http://localhost:3000/UI/websocket/action/sendTextMessage/override?apikey=ZAP&channelId=ZAP&message=Zaproxy+alias+impedit+expedita+quisquam+pariatur+exercitationem.+Nemo+rerum+eveniet+dolores+rem+quia+dignissimos.&outgoing=ZAP,
true,GET,http://localhost:3000/UI/spider/view/optionParseGit/override?apikey=ZAP,
true,GET,http://localhost:3000/script.js/?apinonce=614331ea4f0958d2&v=2,
true,GET,http://localhost:3000/script.js/?apinonce=19324b663bb6ad9a&v=2,
true,GET,http://localhost:3000/script.js/?apinonce=134fca65a859fee7&v=2,
true,GET,http://localhost:3000/script.js/?apinonce=f3939ab3c090c1ed&v=2,
true,GET,http://localhost:3000/UI/core/action/setOptionUseSocksProxy/override?Boolean=ZAP&apikey=ZAP,
true,GET,http://localhost:3000/UI/websocket/action/setBreakTextMessage/override?apikey=ZAP&message=Zaproxy+alias+impedit+expedita+quisquam+pariatur+exercitationem.+Nemo+rerum+eveniet+dolores+rem+quia+dignissimos.&outgoing=ZAP,
true,GET,http://localhost:3000/UI/spider/view/optionParseRobotsTxt/override?apikey=ZAP,
true,GET,http://localhost:3000/script.js/?apinonce=ea5968367f40af0d&v=2,
true,GET,http://localhost:3000/UI/websocket/view/messages/override?apikey=ZAP&channelId=ZAP&count=3&payloadPreviewLength=ZAP&start=ZAP,
true,GET,http://localhost:3000/UI/network/other/setProxy/override?apikey=ZAP&proxy=ZAP,
true,GET,http://localhost:3000/script.js/?apinonce=3fb9b8bf8d67e998&v=2,
true,GET,http://localhost:3000/UI/network/other/rootCaCert/override?apikey=ZAP,
true,GET,http://localhost:3000/script.js/?apinonce=25774bf2bb6ef326&v=2,
true,GET,http://localhost:3000/script.js/?apinonce=e0309b8214c9cca0&v=2,
true,GET,http://localhost:3000/script.js/?apinonce=522432bd1a8db150&v=2,
true,GET,http://localhost:3000/script.js/?apinonce=52390cc90600ff0b&v=2,
true,GET,http://localhost:3000/script.js/?apinonce=72e86eb93fd7bcbf&v=2,
true,GET,http://localhost:3000/script.js/?apinonce=d41bf396c0829e3e&v=2,
true,GET,http://localhost:3000/script.js/?apinonce=ebf0534f001ef4ed&v=2,
true,GET,http://localhost:3000/UI/spider/view/optionParseSitemapXml/override?apikey=ZAP,
true,GET,http://localhost:3000/script.js/?apinonce=afc77d9bf6f03355&v=2,
true,GET,http://localhost:3000/UI/spider/view/optionParseSVNEntries/override?apikey=ZAP,
true,GET,http://localhost:3000/UI/users/action/setUserName/override?apikey=ZAP&contextId=ZAP&name=ZAP&userId=ZAP,
true,GET,http://localhost:3000/script.js/?apinonce=a576c0edd87764db&v=2,
true,GET,http://localhost:3000/UI/core/action/shutdown/override?apikey=ZAP,
true,GET,http://localhost:3000/script.js/?apinonce=49f80b3bf8bd07f2&v=2,
true,GET,http://localhost:3000/UI/core/action/snapshotSession/override?apikey=ZAP&name=ZAP&overwrite=ZAP,
true,GET,http://localhost:3000/script.js/?apinonce=1b960909cb777a00&v=2,
true,GET,http://localhost:3000/UI/core/other/fileUpload/override?apikey=ZAP&fileContents=test_file.txt&fileName=ZAP,
true,GET,http://localhost:3000/script.js/?apinonce=646e34245bae5f06&v=2,
true,GET,http://localhost:3000/UI/spider/view/optionPostForm/override?apikey=ZAP,
true,GET,http://localhost:3000/script.js/?apinonce=e0db524abf824ddb&v=2,
true,GET,http://localhost:3000/UI/core/other/htmlreport/override?apikey=ZAP,
true,GET,http://localhost:3000/script.js/?apinonce=cdebfce5eb8cf71e&v=2,
true,GET,http://localhost:3000/UI/core/other/fileDownload/override?apikey=ZAP&fileName=ZAP,
true,GET,http://localhost:3000/script.js/?apinonce=81efeac729d49941&v=2,
true,GET,http://localhost:3000/script.js/?apinonce=b17e60f3b5649584&v=2,
true,GET,http://localhost:3000/script.js/?apinonce=b24169815d29b608&v=2,
true,GET,http://localhost:3000/script.js/?apinonce=ca57efc1c8f196f0&v=2,
true,GET,http://localhost:3000/script.js/?apinonce=8459529ea79799de&v=2,
true,GET,http://localhost:3000/script.js/?apinonce=ad06d9e15a1457b5&v=2,
true,GET,http://localhost:3000/UI/core/other/jsonreport/override?apikey=ZAP,
true,GET,http://localhost:3000/script.js/?apinonce=3faa047469d29f1f&v=2,
true,GET,http://localhost:3000/script.js/?apinonce=b57273f5b3e69184&v=2,
true,GET,http://localhost:3000/script.js/?apinonce=1f78750aaa771b06&v=2,
true,GET,http://localhost:3000/UI/core/other/messageHar/override?apikey=ZAP&id=ZAP,
true,GET,http://localhost:3000/script.js/?apinonce=b42e6cb90c753e1c&v=2,
true,GET,http://localhost:3000/script.js/?apinonce=eba84213718430da&v=2,
true,GET,http://localhost:3000/UI/spider/view/optionSendRefererHeader/override?apikey=ZAP,
true,GET,http://localhost:3000/UI/spider/view/optionShowAdvancedDialog/override?apikey=ZAP,
true,GET,http://localhost:3000/UI/spider/view/optionSkipURLString/override?apikey=ZAP,
true,GET,http://localhost:3000/script.js/?apinonce=b000919bd78eb03e&v=2,
true,GET,http://localhost:3000/script.js/?apinonce=774b26f7a31fa6e0&v=2,
true,GET,http://localhost:3000/UI/core/other/mdreport/override?apikey=ZAP,
true,GET,http://localhost:3000/UI/core/other/rootcert/override?apikey=ZAP,
true,GET,http://localhost:3000/UI/spider/view/optionProcessForm/override?apikey=ZAP,
true,GET,http://localhost:3000/script.js/?apinonce=5be303983af6b913&v=2,
true,GET,http://localhost:3000/script.js/?apinonce=b0fa4c657dce8d8a&v=2,
true,GET,http://localhost:3000/UI/core/other/sendHarRequest/override?apikey=ZAP&followRedirects=ZAP&request=ZAP,
true,GET,http://localhost:3000/UI/core/other/proxy.pac/override?apikey=ZAP,
true,GET,http://localhost:3000/script.js/?apinonce=d036b95030042bd9&v=2,
true,GET,http://localhost:3000/script.js/?apinonce=b41e16b792fb0df4&v=2,
true,GET,http://localhost:3000/script.js/?apinonce=4207a7b2f79d847e&v=2,
true,GET,http://localhost:3000/script.js/?apinonce=5816db7e8870c229&v=2,
true,GET,http://localhost:3000/script.js/?apinonce=cfcd0c0e46a59b87&v=2,
true,GET,http://localhost:3000/script.js/?apinonce=2336f8b4339f68b0&v=2,
true,GET,http://localhost:3000/UI/spider/view/optionThreadCount/override?apikey=ZAP,
true,GET,http://localhost:3000/script.js/?apinonce=5fdf1ef4162551a2&v=2,
true,GET,http://localhost:3000/UI/core/other/messagesHar/override?apikey=ZAP&baseurl=ZAP&count=3&start=ZAP,
true,GET,http://localhost:3000/script.js/?apinonce=3063e620eec3f1f7&v=2,
true,GET,http://localhost:3000/script.js/?apinonce=be7a4b14e37fd785&v=2,
true,GET,http://localhost:3000/script.js/?apinonce=5082b0c41c19f3af&v=2,
true,GET,http://localhost:3000/script.js/?apinonce=df54a9c2e3d4fc05&v=2,
true,GET,http://localhost:3000/UI/core/other/setproxy/override?apikey=ZAP&proxy=ZAP,
true,GET,http://localhost:3000/UI/spider/view/optionUserAgent/override?apikey=ZAP,
true,GET,http://localhost:3000/script.js/?apinonce=e79f09807f18596d&v=2,
true,GET,http://localhost:3000/UI/core/other/xmlreport/override?apikey=ZAP,
true,GET,http://localhost:3000/script.js/?apinonce=be9b51d0c423567a&v=2,
true,GET,http://localhost:3000/UI/spider/view/results/override?apikey=ZAP&scanId=ZAP,
true,GET,http://localhost:3000/script.js/?apinonce=ab73285274735634&v=2,
true,GET,http://localhost:3000/script.js/?apinonce=49724ebac07ffe98&v=2,
true,GET,http://localhost:3000/script.js/?apinonce=a9593b4731bdf54c&v=2,
true,GET,http://localhost:3000/UI/spider/view/scans/override?apikey=ZAP,
true,GET,http://localhost:3000/script.js/?apinonce=1f2f3eada07876cd&v=2,
true,GET,http://localhost:3000/UI/core/other/messagesHarById/override?apikey=ZAP&ids=ZAP,
true,GET,http://localhost:3000/script.js/?apinonce=8bef90092df632f5&v=2,
true,GET,http://localhost:3000/script.js/?apinonce=d848e16b203cc610&v=2,
true,GET,http://localhost:3000/script.js/?apinonce=2af74f3e50f510a1&v=2,
true,GET,http://localhost:3000/script.js/?apinonce=eecd7f0478283ab9&v=2,
true,GET,http://localhost:3000/script.js/?apinonce=40089831c1bda9dc&v=2,
true,GET,http://localhost:3000/UI/spider/view/status/override?apikey=ZAP&scanId=ZAP,
true,GET,http://localhost:3000/script.js/?apinonce=4c4a613d50234b1b&v=2,
true,GET,http://localhost:3000/script.js/?apinonce=4ec183ffbe4f5ec&v=2,
true,GET,http://localhost:3000/script.js/?apinonce=37647723b6181aa4&v=2,
true,GET,http://localhost:3000/script.js/?apinonce=14eda8c14a1e1af0&v=2,
true,GET,http://localhost:3000/script.js/?apinonce=c8eafb3c21c3eff5&v=2,
true,GET,http://localhost:3000/UI/spider/action/clearExcludedFromScan/override?apikey=ZAP,
true,GET,http://localhost:3000/UI/spider/action/disableAllDomainsAlwaysInScope/override?apikey=ZAP,
true,GET,http://localhost:3000/script.js/?apinonce=430125238e841316&v=2,
true,GET,http://localhost:3000/script.js/?apinonce=c8dc208b88590396&v=2,
true,GET,http://localhost:3000/UI/spider/action/addDomainAlwaysInScope/override?apikey=ZAP&isEnabled=ZAP&isRegex=ZAP&value=ZAP,
true,GET,http://localhost:3000/script.js/?apinonce=f84c192b7a879da7&v=2,
true,GET,http://localhost:3000/script.js/?apinonce=d3169d0e32cce448&v=2,
true,GET,http://localhost:3000/script.js/?apinonce=9020bf87ea4fd9f9&v=2,
true,GET,http://localhost:3000/script.js/?apinonce=6c2a8d8dde7ed8b8&v=2,
true,GET,http://localhost:3000/script.js/?apinonce=fb88c3820cbf12a5&v=2,
true,GET,http://localhost:3000/script.js/?apinonce=793270bea56cd956&v=2,
true,GET,http://localhost:3000/UI/spider/action/enableAllDomainsAlwaysInScope/override?apikey=ZAP,
true,GET,http://localhost:3000/script.js/?apinonce=3ae66a265c66e9a0&v=2,
true,GET,http://localhost:3000/script.js/?apinonce=d92ba3f493c94a0d&v=2,
true,GET,http://localhost:3000/script.js/?apinonce=d0da25c1d59c820c&v=2,
true,GET,http://localhost:3000/script.js/?apinonce=d02b3b165a86232d&v=2,
true,GET,http://localhost:3000/script.js/?apinonce=8ab59a6c6f8fe76e&v=2,
true,GET,http://localhost:3000/script.js/?apinonce=d962e9685f84eb32&v=2,
true,GET,http://localhost:3000/script.js/?apinonce=122f6c72f455455a&v=2,
true,GET,http://localhost:3000/UI/spider/action/modifyDomainAlwaysInScope/override?apikey=ZAP&idx=ZAP&isEnabled=ZAP&isRegex=ZAP&value=ZAP,
true,GET,http://localhost:3000/UI/spider/action/pause/override?apikey=ZAP&scanId=ZAP,
true,GET,http://localhost:3000/script.js/?apinonce=c873621a9be2b815&v=2,
true,GET,http://localhost:3000/UI/spider/action/excludeFromScan/override?apikey=ZAP&regex=ZAP,
true,GET,http://localhost:3000/script.js/?apinonce=718605eed931d6a6&v=2,
true,GET,http://localhost:3000/UI/spider/action/removeAllScans/override?apikey=ZAP,
true,GET,http://localhost:3000/script.js/?apinonce=e2775990d46e9dd4&v=2,
true,GET,http://localhost:3000/UI/spider/action/pauseAllScans/override?apikey=ZAP,
true,GET,http://localhost:3000/script.js/?apinonce=afacca39d95bd900&v=2,
true,GET,http://localhost:3000/script.js/?apinonce=742ef799bc0a8075&v=2,
true,GET,http://localhost:3000/script.js/?apinonce=3bc7c73208409a5b&v=2,
true,GET,http://localhost:3000/UI/spider/action/removeDomainAlwaysInScope/override?apikey=ZAP&idx=ZAP,
true,GET,http://localhost:3000/script.js/?apinonce=444214ac112c38b3&v=2,
true,GET,http://localhost:3000/script.js/?apinonce=cb74651d0b9d804a&v=2,
true,GET,http://localhost:3000/script.js/?apinonce=16cc55b4e85b6d19&v=2,
true,GET,http://localhost:3000/script.js/?apinonce=b1158a28c450eead&v=2,
true,GET,http://localhost:3000/script.js/?apinonce=41a98aa10465fc89&v=2,
true,GET,http://localhost:3000/UI/spider/action/scan/override?apikey=ZAP&contextName=ZAP&maxChildren=ZAP&recurse=ZAP&subtreeOnly=ZAP&url=https%3A%2F%2Fzap.example.com,
true,GET,http://localhost:3000/UI/spider/action/removeScan/override?apikey=ZAP&scanId=ZAP,
true,GET,http://localhost:3000/script.js/?apinonce=c215a71bf066ab43&v=2,
true,GET,http://localhost:3000/script.js/?apinonce=2645b4605d9e9fa2&v=2,
true,GET,http://localhost:3000/script.js/?apinonce=c07f91f5ee6ed7c8&v=2,
true,GET,http://localhost:3000/script.js/?apinonce=cf0f24be33d5fcc0&v=2,
true,GET,http://localhost:3000/script.js/?apinonce=f45a4f1aa6ddd4ea&v=2,
true,GET,http://localhost:3000/script.js/?apinonce=620141e7fd55fca8&v=2,
true,GET,http://localhost:3000/script.js/?apinonce=a0653b627bcd4d5&v=2,
true,GET,http://localhost:3000/script.js/?apinonce=b0f976db3a7c8fbc&v=2,
true,GET,http://localhost:3000/UI/spider/action/scanAsUser/override?apikey=ZAP&contextId=ZAP&maxChildren=ZAP&recurse=ZAP&subtreeOnly=ZAP&url=https%3A%2F%2Fzap.example.com&userId=ZAP,
true,GET,http://localhost:3000/UI/spider/action/setOptionLogoutAvoidance/override?Boolean=ZAP&apikey=ZAP,
true,GET,http://localhost:3000/UI/spider/action/resumeAllScans/override?apikey=ZAP,
true,GET,http://localhost:3000/UI/spider/action/setOptionHandleODataParametersVisited/override?Boolean=ZAP&apikey=ZAP,
true,GET,http://localhost:3000/UI/spider/action/setOptionAcceptCookies/override?Boolean=ZAP&apikey=ZAP,
true,GET,http://localhost:3000/UI/spider/action/setOptionMaxDuration/override?Integer=ZAP&apikey=ZAP,
true,GET,http://localhost:3000/UI/spider/action/setOptionMaxScansInUI/override?Integer=ZAP&apikey=ZAP,
true,GET,http://localhost:3000/UI/spider/action/setOptionHandleParameters/override?String=ZAP&apikey=ZAP,
true,GET,http://localhost:3000/script.js/?apinonce=757bb395f71c801&v=2,
true,GET,http://localhost:3000/UI/spider/action/setOptionMaxDepth/override?Integer=ZAP&apikey=ZAP,
true,GET,http://localhost:3000/script.js/?apinonce=62a3e040b0d52cde&v=2,
true,GET,http://localhost:3000/UI/spider/action/setOptionMaxChildren/override?Integer=ZAP&apikey=ZAP,
true,GET,http://localhost:3000/script.js/?apinonce=5c6aa9d3a74618cb&v=2,
true,GET,http://localhost:3000/script.js/?apinonce=4c14a5a51e54eb5c&v=2,
true,GET,http://localhost:3000/script.js/?apinonce=68c8d809b3cb459f&v=2,
true,GET,http://localhost:3000/UI/spider/action/resume/override?apikey=ZAP&scanId=ZAP,
true,GET,http://localhost:3000/UI/spider/action/setOptionMaxParseSizeBytes/override?Integer=ZAP&apikey=ZAP,
true,GET,http://localhost:3000/UI/spider/action/setOptionParseRobotsTxt/override?Boolean=ZAP&apikey=ZAP,
true,GET,http://localhost:3000/UI/spider/action/setOptionParseComments/override?Boolean=ZAP&apikey=ZAP,
true,GET,http://localhost:3000/script.js/?apinonce=78dbcc9890bb2aa9&v=2,
true,GET,http://localhost:3000/script.js/?apinonce=67cfc15df83b8244&v=2,
true,GET,http://localhost:3000/UI/spider/action/setOptionParseGit/override?Boolean=ZAP&apikey=ZAP,
true,GET,http://localhost:3000/script.js/?apinonce=673a1fd0590766fd&v=2,
true,GET,http://localhost:3000/script.js/?apinonce=e7f853dd6b34effe&v=2,
true,GET,http://localhost:3000/script.js/?apinonce=cb1cee0e717c265c&v=2,
true,GET,http://localhost:3000/script.js/?apinonce=53575740e025e3ba&v=2,
true,GET,http://localhost:3000/UI/spider/action/setOptionParseDsStore/override?Boolean=ZAP&apikey=ZAP,
true,GET,http://localhost:3000/UI/spider/action/setOptionParseSitemapXml/override?Boolean=ZAP&apikey=ZAP,
true,GET,http://localhost:3000/UI/spider/action/setOptionPostForm/override?Boolean=ZAP&apikey=ZAP,
true,GET,http://localhost:3000/UI/spider/action/setOptionParseSVNEntries/override?Boolean=ZAP&apikey=ZAP,
true,GET,http://localhost:3000/UI/spider/action/setOptionProcessForm/override?Boolean=ZAP&apikey=ZAP,
true,GET,http://localhost:3000/script.js/?apinonce=777c319fa55a5936&v=2,
true,GET,http://localhost:3000/UI/spider/action/setOptionShowAdvancedDialog/override?Boolean=ZAP&apikey=ZAP,
true,GET,http://localhost:3000/script.js/?apinonce=c2c8fcb0993fa8a7&v=2,
true,GET,http://localhost:3000/script.js/?apinonce=2a45ed2c94c8389b&v=2,
true,GET,http://localhost:3000/script.js/?apinonce=f752a7945b713a75&v=2,
true,GET,http://localhost:3000/script.js/?apinonce=194870da795e11b6&v=2,
true,GET,http://localhost:3000/script.js/?apinonce=48cf69cd9b287107&v=2,
true,GET,http://localhost:3000/script.js/?apinonce=b3800e53bf8569eb&v=2,
true,GET,http://localhost:3000/script.js/?apinonce=eee4f9d43adc39c7&v=2,
true,GET,http://localhost:3000/script.js/?apinonce=148b5191a011c268&v=2,
true,GET,http://localhost:3000/script.js/?apinonce=80a3199cbd105f21&v=2,
true,GET,http://localhost:3000/script.js/?apinonce=859e21045695f9fb&v=2,
true,GET,http://localhost:3000/script.js/?apinonce=c08a75c407f4d245&v=2,
true,GET,http://localhost:3000/script.js/?apinonce=5d0e72e728013757&v=2,
true,GET,http://localhost:3000/script.js/?apinonce=831a857cf62827a3&v=2,
true,GET,http://localhost:3000/UI/spider/action/setOptionSkipURLString/override?String=ZAP&apikey=ZAP,
true,GET,http://localhost:3000/script.js/?apinonce=b43cf4e61f6e6384&v=2,
true,GET,http://localhost:3000/script.js/?apinonce=fd2875fbbb8328b3&v=2,
true,GET,http://localhost:3000/UI/spider/action/setOptionSendRefererHeader/override?Boolean=ZAP&apikey=ZAP,
true,GET,http://localhost:3000/UI/spider/action/setOptionUserAgent/override?String=ZAP&apikey=ZAP,
true,GET,http://localhost:3000/script.js/?apinonce=3b5c1908ae791216&v=2,
true,GET,http://localhost:3000/script.js/?apinonce=d1caf4a24bcea057&v=2,
true,GET,http://localhost:3000/UI/spider/action/setOptionThreadCount/override?Integer=ZAP&apikey=ZAP,
true,GET,http://localhost:3000/script.js/?apinonce=e2f6fab916d4ecc9&v=2,
true,GET,http://localhost:3000/script.js/?apinonce=88391482a04bd275&v=2,
true,GET,http://localhost:3000/UI/spider/action/stop/override?apikey=ZAP&scanId=ZAP,
true,GET,http://localhost:3000/script.js/?apinonce=f8734091122cfb06&v=2,
true,GET,http://localhost:3000/script.js/?apinonce=e01e40815047219f&v=2,
true,GET,http://localhost:3000/script.js/?apinonce=1d22ff17d5602f52&v=2,
true,GET,http://localhost:3000/script.js/?apinonce=88a48b717cbff389&v=2,
true,GET,http://localhost:3000/script.js/?apinonce=b498075c3af63255&v=2,
true,GET,http://localhost:3000/script.js/?apinonce=1179ea3cfcee6d26&v=2,
true,GET,http://localhost:3000/script.js/?apinonce=f011579ea674ee6&v=2,
true,GET,http://localhost:3000/UI/spider/action/stopAllScans/override?apikey=ZAP,
true,GET,http://localhost:3000/script.js/?apinonce=9be673c886158347&v=2,
true,GET,http://localhost:3000/script.js/?apinonce=78e0462e3c50097d&v=2,
true,GET,http://localhost:3000/script.js/?apinonce=86aa901677b3b45a&v=2,
true,GET,http://localhost:3000/script.js/?apinonce=5e360e8df0ae974d&v=2,
true,GET,http://localhost:3000/script.js/?apinonce=88fe2fc08f4e9e14&v=2,
true,GET,http://localhost:3000/script.js/?apinonce=6a9dc2d6a5e4d119&v=2,
true,GET,http://localhost:3000/script.js/?apinonce=12f9be6576e153b7&v=2,
true,GET,http://localhost:3000/script.js/?apinonce=b201bb1ffe0825bd&v=2,
true,GET,http://localhost:3000/script.js/?apinonce=5c4507f9587f6c23&v=2,
true,GET,http://localhost:3000/script.js/?apinonce=982b867f1f6c663e&v=2,
true,GET,http://localhost:3000/script.js/?apinonce=d27e9e94c8d248b&v=2,
true,GET,http://localhost:3000/script.js/?apinonce=46c73479d5f54ab8&v=2,
true,GET,http://localhost:3000/script.js/?apinonce=bee6a051689eab3b&v=2,
true,GET,http://localhost:3000/script.js/?apinonce=35773299c8c29e32&v=2,
true,GET,http://localhost:3000/script.js/?apinonce=e4c293bbf1d1c489&v=2,
true,GET,http://localhost:3000/script.js/?apinonce=ce01fbc94600564&v=2,
true,GET,http://localhost:3000/script.js/?apinonce=a08fbf1746c52814&v=2,
true,GET,http://localhost:3000/script.js/?apinonce=37f4e13659b07515&v=2,
true,GET,http://localhost:3000/script.js/?apinonce=d2c50f0ea332fa&v=2,
true,GET,http://localhost:3000/script.js/?apinonce=b5d73a14c7efd25&v=2,
true,GET,http://localhost:3000/script.js/?apinonce=70f999e1741773d4&v=2,
true,GET,http://localhost:3000/script.js/?apinonce=47be5076c0a711a&v=2,
true,GET,http://localhost:3000/script.js/?apinonce=6dc21a205cdabb1e&v=2,
true,GET,http://localhost:3000/script.js/?apinonce=bc2d2cc70b0e8349&v=2,
true,GET,http://localhost:3000/script.js/?apinonce=ee83b3eff788ea4d&v=2,
true,GET,http://localhost:3000/script.js/?apinonce=8a70bf14ec969971&v=2,
true,GET,http://localhost:3000/script.js/?apinonce=602ef7c53171d119&v=2,
true,GET,http://localhost:3000/script.js/?apinonce=56f2e75c7f611a41&v=2,
true,GET,http://localhost:3000/script.js/?apinonce=96b3f9a4561d1553&v=2,
true,GET,http://localhost:3000/script.js/?apinonce=9f8cf8092bb21beb&v=2,
true,GET,http://localhost:3000/script.js/?apinonce=7bf94e37721e5a7e&v=2,
true,GET,http://localhost:3000/script.js/?apinonce=dd25ce61b0820825&v=2,
true,GET,http://localhost:3000/script.js/?apinonce=4f7d67122f3292d3&v=2,
true,GET,http://localhost:3000/script.js/?apinonce=74a21235049ca603&v=2,
true,GET,http://localhost:3000/script.js/?apinonce=7d074a9f770a55be&v=2,
true,GET,http://localhost:3000/script.js/?apinonce=efe532974c212b56&v=2,
true,GET,http://localhost:3000/script.js/?apinonce=9c1b3fcaf27b25f5&v=2,
true,GET,http://localhost:3000/script.js/?apinonce=63844d8a654ab311&v=2,
true,GET,http://localhost:3000/script.js/?apinonce=8f46ae941cea58b4&v=2,
true,GET,http://localhost:3000/script.js/?apinonce=9d26f1dd824d5cab&v=2,
true,GET,http://localhost:3000/script.js/?apinonce=9a6b45a7e4b8dfb2&v=2,
true,GET,http://localhost:3000/script.js/?apinonce=609bde0892431583&v=2,
true,GET,http://localhost:3000/script.js/?apinonce=75364c0bab07ced4&v=2,
true,GET,http://localhost:3000/script.js/?apinonce=5ab577eda141a79c&v=2,
true,GET,http://localhost:3000/script.js/?apinonce=a2b67e754df7bb43&v=2,
true,GET,http://localhost:3000/script.js/?apinonce=98ea3f234d7fe8c6&v=2,
true,GET,http://localhost:3000/script.js/?apinonce=5b2d29d5a87e3315&v=2,
true,GET,http://localhost:3000/script.js/?apinonce=3dc8ba2e4afb331a&v=2,
true,GET,http://localhost:3000/script.js/?apinonce=6a498aa41d4dfa58&v=2,
true,GET,http://localhost:3000/script.js/?apinonce=47cf05b5d3a1265&v=2,
true,GET,http://localhost:3000/script.js/?apinonce=e48424b21674319a&v=2,
true,GET,http://localhost:3000/script.js/?apinonce=87080d5f79d67780&v=2,
true,GET,http://localhost:3000/script.js/?apinonce=83899d95c4b9e7d1&v=2,
true,GET,http://localhost:3000/script.js/?apinonce=795b3c6d3d4e1b5a&v=2,
true,GET,http://localhost:3000/script.js/?apinonce=253005cacebec3fe&v=2,
true,GET,http://localhost:3000/script.js/?apinonce=e1af5bc3bf350b88&v=2,
true,GET,http://localhost:3000/script.js/?apinonce=8f1f8100db8966d9&v=2,
true,GET,http://localhost:3000/script.js/?apinonce=8d65043532876beb&v=2,
true,GET,http://localhost:3000/script.js/?apinonce=108747681cc9f240&v=2,
true,GET,http://localhost:3000/script.js/?apinonce=b32381267ae0ab73&v=2,
true,GET,http://localhost:3000/script.js/?apinonce=3f0ca91bd0a29e3f&v=2,
true,GET,http://localhost:3000/script.js/?apinonce=7ce3cf942c190022&v=2,
true,GET,http://localhost:3000/script.js/?apinonce=c11212c45f0811e7&v=2,
true,GET,http://localhost:3000/script.js/?apinonce=1f8d155f5a215400&v=2,
true,GET,http://localhost:3000/script.js/?apinonce=467fc2167e027afb&v=2,
true,GET,http://localhost:3000/script.js/?apinonce=3ead84dc416735e3&v=2,
true,GET,http://localhost:3000/script.js/?apinonce=4eb61391e53cbd32&v=2,
true,GET,http://localhost:3000/script.js/?apinonce=66d28368c9a5cbc6&v=2,
true,GET,http://localhost:3000/script.js/?apinonce=9cf4a6384f2d9ee1&v=2,
true,GET,http://localhost:3000/script.js/?apinonce=53183b0657c4ec3&v=2,
true,GET,http://localhost:3000/script.js/?apinonce=98a0a427880ddc41&v=2,
true,GET,http://localhost:3000/script.js/?apinonce=fcf6d2a0b1c18475&v=2,
true,GET,http://localhost:3000/script.js/?apinonce=650a2343af70ef47&v=2,
true,GET,http://localhost:3000/script.js/?apinonce=996938fc7455a817&v=2,
true,GET,http://localhost:3000/script.js/?apinonce=e06fdcf6049d0d20&v=2,
true,GET,http://localhost:3000/script.js/?apinonce=d799ffb061b41ad5&v=2,
true,GET,http://localhost:3000/script.js/?apinonce=e5a8bde86f3673b9&v=2,
true,GET,http://localhost:3000/script.js/?apinonce=18c63c3eb774767e&v=2,
true,GET,http://localhost:3000/script.js/?apinonce=753e2081ae052981&v=2,
true,GET,http://localhost:3000/script.js/?apinonce=2f68b0e767ba51d2&v=2,
true,GET,http://localhost:3000/script.js/?apinonce=f449df3b384c6918&v=2,
true,GET,http://localhost:3000/script.js/?apinonce=3b0dc4a393ac5720&v=2,
true,GET,http://localhost:3000/script.js/?apinonce=bf090dac218d4bf7&v=2,
true,GET,http://localhost:3000/script.js/?apinonce=6c83deb938f84eb5&v=2,
true,GET,http://localhost:3000/script.js/?apinonce=d41b8aaf5cc6892e&v=2,
true,GET,http://localhost:3000/script.js/?apinonce=f85a9ee5532ba746&v=2,
true,GET,http://localhost:3000/script.js/?apinonce=d96934f6fede7ff3&v=2,
true,GET,http://localhost:3000/script.js/?apinonce=68c3c3885fe08aa3&v=2,
true,GET,http://localhost:3000/script.js/?apinonce=bf47b0cfdcf7a789&v=2,
true,GET,http://localhost:3000/script.js/?apinonce=b3005c2fbc5dc66a&v=2,
true,GET,http://localhost:3000/script.js/?apinonce=ab6765c71ef0d776&v=2,
true,GET,http://localhost:3000/script.js/?apinonce=7974e2c1e865d286&v=2,
true,GET,http://localhost:3000/script.js/?apinonce=95edd7725acfa3bb&v=2,
true,GET,http://localhost:3000/script.js/?apinonce=dc6bb9df62dcfe6a&v=2,
true,GET,http://localhost:3000/script.js/?apinonce=3e82b750788d3efe&v=2,
true,GET,http://localhost:3000/script.js/?apinonce=6d3c62ae98dfeedd&v=2,
true,GET,http://localhost:3000/script.js/?apinonce=9018c7b09fc75aac&v=2,
true,GET,http://localhost:3000/script.js/?apinonce=962dbdbb9453b8f2&v=2,
true,GET,http://localhost:3000/script.js/?apinonce=f088d274a51916d8&v=2,
true,GET,http://localhost:3000/script.js/?apinonce=d9d655bb2765bf89&v=2,
true,GET,http://localhost:3000/script.js/?apinonce=af89d92e301205f4&v=2,
true,GET,http://localhost:3000/script.js/?apinonce=8e748feaa42727da&v=2,
true,GET,http://localhost:3000/script.js/?apinonce=82f003d1c20fcc0d&v=2,
true,GET,http://localhost:3000/script.js/?apinonce=d205caa090f2a6a9&v=2,
true,GET,http://localhost:3000/script.js/?apinonce=2f6d1d59f7ccd678&v=2,
true,GET,http://localhost:3000/script.js/?apinonce=b82d8f92c8bb4185&v=2,
true,GET,http://localhost:3000/script.js/?apinonce=78190cba55e74626&v=2,
true,GET,http://localhost:3000/script.js/?apinonce=31e7735e141d36cd&v=2,
true,GET,http://localhost:3000/script.js/?apinonce=17f18322d4aaa482&v=2,
true,GET,http://localhost:3000/script.js/?apinonce=6a6e543c34a85580&v=2,
true,GET,http://localhost:3000/script.js/?apinonce=e4ab2dd6bbe38da8&v=2,
true,GET,http://localhost:3000/script.js/?apinonce=2327ca829e56ab9e&v=2,
true,GET,http://localhost:3000/script.js/?apinonce=cd1d781dd0f69730&v=2,
true,GET,http://localhost:3000/script.js/?apinonce=f6ee47e4bc170420&v=2,
true,GET,http://localhost:3000/script.js/?apinonce=568cdabd8ca7a3b7&v=2,
true,GET,http://localhost:3000/script.js/?apinonce=cf606fc2ee64872&v=2,
true,GET,http://localhost:3000/script.js/?apinonce=b82b7dd184ca59e1&v=2,
true,GET,http://localhost:3000/script.js/?apinonce=c081396decc80fd6&v=2,
true,GET,http://localhost:3000/script.js/?apinonce=6c5b4237e34fdba4&v=2,
true,GET,http://localhost:3000/script.js/?apinonce=d6a19cfbcb216673&v=2,
true,GET,http://localhost:3000/script.js/?apinonce=f0332260faf11e98&v=2,
true,GET,http://localhost:3000/script.js/?apinonce=d16bc19c33159c67&v=2,
true,GET,http://localhost:3000/script.js/?apinonce=d055773a3b2284c1&v=2,
true,GET,http://localhost:3000/script.js/?apinonce=5d767556b781da0d&v=2,
true,GET,http://localhost:3000/script.js/?apinonce=3aa2fb0bb397d61f&v=2,
true,GET,http://localhost:3000/script.js/?apinonce=14b856a8267faae5&v=2,
true,GET,http://localhost:3000/script.js/?apinonce=f0d85a1b64cc1117&v=2,
true,GET,http://localhost:3000/script.js/?apinonce=eb38d7275b290db5&v=2,
true,GET,http://localhost:3000/script.js/?apinonce=581fc37e6d56307&v=2,
true,GET,http://localhost:3000/script.js/?apinonce=e94393046a962f3f&v=2,
true,GET,http://localhost:3000/script.js/?apinonce=4b44e7739704a40&v=2,
true,GET,http://localhost:3000/script.js/?apinonce=4d085c1d1c47b55d&v=2,
true,GET,http://localhost:3000/script.js/?apinonce=419e8894110fb390&v=2,
true,GET,http://localhost:3000/script.js/?apinonce=1195a9c0a0e99e00&v=2,
true,GET,http://localhost:3000/script.js/?apinonce=88186d28c64757fe&v=2,
true,GET,http://localhost:3000/script.js/?apinonce=6a9bd52470a25e49&v=2,
true,GET,http://localhost:3000/script.js/?apinonce=d939f8b5ac80e7d1&v=2,
true,GET,http://localhost:3000/script.js/?apinonce=6b2baf9d9ec5e1bb&v=2,
true,GET,http://localhost:3000/script.js/?apinonce=beaf40034966308e&v=2,
true,GET,http://localhost:3000/script.js/?apinonce=f6a703ae51c994ba&v=2,
true,GET,http://localhost:3000/script.js/?apinonce=af73b67b7e88323d&v=2,
true,GET,http://localhost:3000/script.js/?apinonce=71e81fbcad48e392&v=2,
true,GET,http://localhost:3000/script.js/?apinonce=b03ed92671fa664f&v=2,
true,GET,http://localhost:3000/script.js/?apinonce=f918089fd5b97151&v=2,
true,GET,http://localhost:3000/script.js/?apinonce=131d22dca471f394&v=2,
true,GET,http://localhost:3000/script.js/?apinonce=3b49536c997f4723&v=2,
true,GET,http://localhost:3000/script.js/?apinonce=ad4efb40d994988a&v=2,
true,GET,http://localhost:3000/script.js/?apinonce=81fa992b481a1a2&v=2,
true,GET,http://localhost:3000/script.js/?apinonce=978320eb3f557da5&v=2,
true,GET,http://localhost:3000/script.js/?apinonce=60ba289dd4a68b79&v=2,
true,GET,http://localhost:3000/script.js/?apinonce=d761702cd47029cd&v=2,
true,GET,http://localhost:3000/script.js/?apinonce=14e60339a9d65fe7&v=2,
true,GET,http://localhost:3000/script.js/?apinonce=8fd5e6a1c31d9172&v=2,
true,GET,http://localhost:3000/script.js/?apinonce=9c3ecb7785ac5c67&v=2,
true,GET,http://localhost:3000/script.js/?apinonce=b9ba3148251efe03&v=2,
true,GET,http://localhost:3000/script.js/?apinonce=ee3d0b14205193c8&v=2,
true,GET,http://localhost:3000/script.js/?apinonce=66371420b6c9ab14&v=2,
true,GET,http://localhost:3000/script.js/?apinonce=ca96782ed48eb2ad&v=2,
true,GET,http://localhost:3000/script.js/?apinonce=58e62704f7547ea8&v=2,
true,GET,http://localhost:3000/script.js/?apinonce=3d834cbaa9ee0403&v=2,
true,GET,http://localhost:3000/script.js/?apinonce=733bb214d5f8335d&v=2,
true,GET,http://localhost:3000/script.js/?apinonce=6d45c28df937f56d&v=2,
true,GET,http://localhost:3000/script.js/?apinonce=c54f520e174ae2b6&v=2,
true,GET,http://localhost:3000/script.js/?apinonce=8134ec92bf8feee2&v=2,
true,GET,http://localhost:3000/script.js/?apinonce=e3ccebeb8718391c&v=2,
true,GET,http://localhost:3000/script.js/?apinonce=376c30781c4560b1&v=2,
true,GET,http://localhost:3000/script.js/?apinonce=bfcbcf05ff4964fa&v=2,
true,GET,http://localhost:3000/script.js/?apinonce=1dc77046f0beb32d&v=2,
true,GET,http://localhost:3000/script.js/?apinonce=c814ed235db1298a&v=2,
true,GET,http://localhost:3000/script.js/?apinonce=426381ffc3f2a601&v=2,
true,GET,http://localhost:3000/script.js/?apinonce=24391127022108e7&v=2,
true,GET,http://localhost:3000/script.js/?apinonce=1217fec2c2bc22e0&v=2,
true,GET,http://localhost:3000/script.js/?apinonce=37fdc78de5eb5c0f&v=2,
true,GET,http://localhost:3000/script.js/?apinonce=f0284c82ef942633&v=2,
true,GET,http://localhost:3000/script.js/?apinonce=b40812cea357dee9&v=2,
true,GET,http://localhost:3000/script.js/?apinonce=98841469c6a72802&v=2,
true,GET,http://localhost:3000/script.js/?apinonce=cd8811f0762382b&v=2,
true,GET,http://localhost:3000/script.js/?apinonce=724ad86c52386f66&v=2,
true,GET,http://localhost:3000/script.js/?apinonce=ca204722008160e0&v=2,
true,GET,http://localhost:3000/script.js/?apinonce=9e533134c4d1dc9a&v=2,
true,GET,http://localhost:3000/script.js/?apinonce=9797cbc13ce5ff7a&v=2,
true,GET,http://localhost:3000/script.js/?apinonce=29230084b6df9464&v=2,
true,GET,http://localhost:3000/script.js/?apinonce=20b95f754695db1c&v=2,
true,GET,http://localhost:3000/script.js/?apinonce=bb93c9222ce38a39&v=2,
true,GET,http://localhost:3000/script.js/?apinonce=f401640dfb03a9fb&v=2,
true,GET,http://localhost:3000/script.js/?apinonce=691fbc23e068b5cf&v=2,
true,GET,http://localhost:3000/script.js/?apinonce=ec6503848c1d4c19&v=2,
true,GET,http://localhost:3000/script.js/?apinonce=48b536348825eb2f&v=2,
true,GET,http://localhost:3000/script.js/?apinonce=2e56cda539d0d998&v=2,
true,GET,http://localhost:3000/script.js/?apinonce=5cada50140da4719&v=2,
true,GET,http://localhost:3000/script.js/?apinonce=2bba8be8ba8062bf&v=2,
true,GET,http://localhost:3000/script.js/?apinonce=fb80fd09ab1fff7&v=2,
true,GET,http://localhost:3000/script.js/?apinonce=76c1db8fc4d7f142&v=2,
true,GET,http://localhost:3000/script.js/?apinonce=83e74b62ee8609cb&v=2,
true,GET,http://localhost:3000/script.js/?apinonce=e88c7ab4ff44c1e5&v=2,
true,GET,http://localhost:3000/script.js/?apinonce=b3abd8706355e2e6&v=2,
true,GET,http://localhost:3000/script.js/?apinonce=bbea5fd61bf21dbf&v=2,
true,GET,http://localhost:3000/script.js/?apinonce=1ba0c61becb5a121&v=2,
true,GET,http://localhost:3000/script.js/?apinonce=c76f098a38bbb6e7&v=2,
true,GET,http://localhost:3000/script.js/?apinonce=1355722d63ac7bb8&v=2,
true,GET,http://localhost:3000/script.js/?apinonce=b5df3b2c8c8dc5ec&v=2,
true,GET,http://localhost:3000/script.js/?apinonce=c4b24f85957dfd29&v=2,
true,GET,http://localhost:3000/script.js/?apinonce=181bdab8a8a0308f&v=2,
true,GET,http://localhost:3000/script.js/?apinonce=7216dd3e49da2d32&v=2,
true,GET,http://localhost:3000/script.js/?apinonce=daed934ee5c5daaf&v=2,
true,GET,http://localhost:3000/script.js/?apinonce=d6ad8477f594ffca&v=2,
true,GET,http://localhost:3000/script.js/?apinonce=3ab54824d31495d2&v=2,
true,GET,http://localhost:3000/script.js/?apinonce=efbb22b0fa4b20fe&v=2,
true,GET,http://localhost:3000/script.js/?apinonce=a6bdac3c1452ca89&v=2,
true,GET,http://localhost:3000/script.js/?apinonce=c71efbfacaf2207d&v=2,
true,GET,http://localhost:3000/script.js/?apinonce=ca4d3a496cb16c3d&v=2,
true,GET,http://localhost:3000/script.js/?apinonce=b151167dea1631b1&v=2,
true,GET,http://localhost:3000/script.js/?apinonce=6153aa53efcde4db&v=2,
true,GET,http://localhost:3000/script.js/?apinonce=1f65c0463edb9486&v=2,
true,GET,http://localhost:3000/script.js/?apinonce=d18e7efd03747b96&v=2,
true,GET,http://localhost:3000/script.js/?apinonce=f232349aadd53e1a&v=2,
true,GET,http://localhost:3000/script.js/?apinonce=24ea49d869e9d70&v=2,
true,GET,http://localhost:3000/script.js/?apinonce=1edd99a5e6896cd1&v=2,
true,GET,http://localhost:3000/script.js/?apinonce=5aa798a849f97f19&v=2,
true,GET,http://localhost:3000/script.js/?apinonce=f4b3faaa7a06ffad&v=2,
true,GET,http://localhost:3000/script.js/?apinonce=383e1728c63b64c7&v=2,
true,GET,http://localhost:3000/script.js/?apinonce=14ee4e806fb3569d&v=2,
true,GET,http://localhost:3000/script.js/?apinonce=13bc6ba7c3faa612&v=2,
true,GET,http://localhost:3000/script.js/?apinonce=d0acd17ea13f6845&v=2,
true,GET,http://localhost:3000/script.js/?apinonce=e4577fdf4cf57391&v=2,
true,GET,http://localhost:3000/script.js/?apinonce=77110e0e45be5e9a&v=2,
true,GET,http://localhost:3000/script.js/?apinonce=d93c1768db011f10&v=2,
true,GET,http://localhost:3000/script.js/?apinonce=3d6abb1b32b6d4e5&v=2,
true,GET,http://localhost:3000/script.js/?apinonce=b42ecf77dd00210b&v=2,
true,GET,http://localhost:3000/script.js/?apinonce=500d3499c41f158a&v=2,
true,GET,http://localhost:3000/script.js/?apinonce=ff0b89f13d1c21ef&v=2,
true,GET,http://localhost:3000/script.js/?apinonce=937da96153cced03&v=2,
true,GET,http://localhost:3000/script.js/?apinonce=bc392a9c9e229c77&v=2,
true,GET,http://localhost:3000/script.js/?apinonce=c19913f1f7478864&v=2,
true,GET,http://localhost:3000/script.js/?apinonce=e0be7080627976e9&v=2,
true,GET,http://localhost:3000/script.js/?apinonce=b35025f97ef874e8&v=2,
true,GET,http://localhost:3000/script.js/?apinonce=df8ba03ea703c0f4&v=2,
true,GET,http://localhost:3000/script.js/?apinonce=e5a721bc360de3b2&v=2,
true,GET,http://localhost:3000/script.js/?apinonce=491ec8be2890775c&v=2,
true,GET,http://localhost:3000/script.js/?apinonce=c9e122fd140bb909&v=2,
true,GET,http://localhost:3000/script.js/?apinonce=68affc19248eb402&v=2,
true,GET,http://localhost:3000/script.js/?apinonce=82c4dccbfc5c217d&v=2,
true,GET,http://localhost:3000/script.js/?apinonce=1db0de604c5527de&v=2,
true,GET,http://localhost:3000/script.js/?apinonce=56aa7ffaaac0c810&v=2,
true,GET,http://localhost:3000/script.js/?apinonce=cc31dd4fe486c0ee&v=2,
true,GET,http://localhost:3000/script.js/?apinonce=24f3a3e42bbef453&v=2,
true,GET,http://localhost:3000/script.js/?apinonce=32e14ebf9a56c618&v=2,
true,GET,http://localhost:3000/script.js/?apinonce=a1e1951192ba5918&v=2,
true,GET,http://localhost:3000/script.js/?apinonce=ca94ded9d98a3c16&v=2,
true,GET,http://localhost:3000/script.js/?apinonce=6d61ee0361654b55&v=2,
true,GET,http://localhost:3000/script.js/?apinonce=bfa5faa4c4403009&v=2,
true,GET,http://localhost:3000/script.js/?apinonce=b33a1ad8d0f122e3&v=2,
true,GET,http://localhost:3000/script.js/?apinonce=439ce42adbd732a0&v=2,
true,GET,http://localhost:3000/script.js/?apinonce=b1cb9be6a8927e59&v=2,
true,GET,http://localhost:3000/script.js/?apinonce=748641002b048039&v=2,
true,GET,http://localhost:3000/script.js/?apinonce=738f9d7e12e4d06a&v=2,
true,GET,http://localhost:3000/script.js/?apinonce=9a36f5bbce4cdfca&v=2,
true,GET,http://localhost:3000/script.js/?apinonce=73bfbfcbb5df82e2&v=2,
true,GET,http://localhost:3000/script.js/?apinonce=97e7570cbda0a1ea&v=2,
true,GET,http://localhost:3000/script.js/?apinonce=3ff6045de3966eeb&v=2,
true,GET,http://localhost:3000/script.js/?apinonce=172bb61bdea15c46&v=2,
true,GET,http://localhost:3000/script.js/?apinonce=fa37a7258db2248&v=2,
true,GET,http://localhost:3000/script.js/?apinonce=62ea3ee5726ccd39&v=2,
